vidid,prediction
VID_1054,3304.9783986141942
VID_18629,5279.774031645154
VID_13967,-30.80967948134928
VID_19442,-103.69226818951354
VID_770,7199.973538598448
VID_10315,-30.80967948134928
VID_7417,156.08041799172648
VID_17788,6934.502040237291
VID_14591,-21.270434364545856
VID_1228,2868.3502486403154
VID_10153,-30.80967948134928
VID_5667,324.8363221939924
VID_22775,2137.146052142224
VID_8353,4.368640064273615
VID_486,-30.80967948134928
VID_17460,149.64910008413133
VID_5867,1137.2662692838544
VID_15951,-109.45239068468887
VID_14890,5065.137048380922
VID_7219,3093.686914135725
VID_20045,-96.72896989847727
VID_11874,2250.9495538990946
VID_1208,8370.65183550067
VID_4529,11888.454654890498
VID_6793,5522.062061444486
VID_18254,1825.7535411476813
VID_11155,-122.5691195642802
VID_12257,6531.333023382136
VID_4207,4868.847941182724
VID_23276,-53.69103225425689
VID_18261,2654.330937716705
VID_11536,889.3790861771125
VID_6429,377.7655296043028
VID_9277,398.9633009778427
VID_517,-30.80967948134928
VID_11291,-21.316107205298277
VID_11265,12220.316998761587
VID_632,1376.5582094220106
VID_13587,4984.765877852054
VID_16439,15476.787391656937
VID_14888,1328.9251059995584
VID_3207,-30.80967948134928
VID_9352,8.075827013322266
VID_3286,-22.678377370301767
VID_19592,604.3047427518948
VID_15582,222.9304529972709
VID_15269,495.09126709157255
VID_5703,71.39674571277644
VID_22315,5008.279949017482
VID_14939,-30.80967948134928
VID_18277,789.19962846065
VID_1684,11130.169105337563
VID_14842,2482.0309982101426
VID_635,2557.283114971448
VID_19621,1183.7046866045491
VID_2006,190.1225828698867
VID_2427,2451.046335496159
VID_3232,-30.80967948134928
VID_17944,268.40170187491384
VID_19507,-36.01939027714893
VID_6745,-24.663488558955272
VID_8446,2649.131304101584
VID_17593,-20.200661938447748
VID_21611,2023.2857445699012
VID_16242,-30.80967948134928
VID_23409,789.1567009047487
VID_22950,11754.36175852805
VID_15401,7338.424751335926
VID_7634,-329.39359534504433
VID_4283,1454.2759362942372
VID_20020,-116.70536609980401
VID_13334,8541.818283870582
VID_17504,3904.7235906925303
VID_22854,-19.44651524912629
VID_4396,535.180474117078
VID_7426,-180.88196138650707
VID_1941,6556.985922516503
VID_22447,2238.5750337568993
VID_13156,-198.23803061836108
VID_6361,235.1936446900131
VID_1601,5275.035248911706
VID_5787,1856.3945132684053
VID_15044,2879.757896136413
VID_18511,2498.860146417996
VID_17965,279.40784963317384
VID_20023,824.9375700868839
VID_20294,4884.63210648783
VID_4284,793.7452493433921
VID_6333,-20.638316379424833
VID_4459,303.2108155569677
VID_7896,819.0439152248305
VID_14003,119.02779844020169
VID_22518,903.8642336032017
VID_12272,6245.251858853842
VID_1002,4618.741327373806
VID_2801,-19.99380420312296
VID_85,3994.8620400428044
VID_17535,-30.80967948134928
VID_16710,277.824736533539
VID_7899,-30.80967948134928
VID_3336,-19.692964088572243
VID_966,953.2147383451304
VID_15920,66.837180073841
VID_9048,402.78952184158
VID_10819,6112.726162629366
VID_9004,-30.69417836095651
VID_8038,2263.1809710310986
VID_22273,-30.80967948134928
VID_9597,7532.740296088812
VID_405,-20.125515279321323
VID_6857,122.76648735287235
VID_745,1505.4003711788223
VID_22181,2347.6279044828248
VID_2452,4604.114620202687
VID_16534,-30.80967948134928
VID_8504,4226.44681091051
VID_6211,-21.94748161356188
VID_7421,-30.80967948134928
VID_19004,1691.6397620695764
VID_21560,1073.309286874052
VID_6904,56.42700021716947
VID_10068,935.3888281953288
VID_3831,6880.6808029779895
VID_523,398.0572401832439
VID_21181,2293.338607606247
VID_9556,12554.81204962807
VID_1140,6703.08047728448
VID_18078,-79.06697841649078
VID_13326,1500.2370382011923
VID_21883,2964.780380265237
VID_18044,451.91671406049915
VID_11715,-77.48786183572322
VID_7741,-330.8402962196597
VID_23167,1767.4788899361047
VID_4147,5233.547647156415
VID_12377,156.91006245828444
VID_16014,-95.21006860530886
VID_21928,-30.80967948134928
VID_22002,-7.402351034235487
VID_19194,369.7434608891206
VID_17892,-139.34665552923408
VID_19234,400.56978963363855
VID_1790,1370.4882974917348
VID_7878,-30.80967948134928
VID_6945,417.68415732213714
VID_17600,42.42299697839011
VID_7502,-23.88886003380252
VID_11761,55.43593610957525
VID_578,-20.108412108441346
VID_2068,-20.555048488065268
VID_10591,-30.80967948134928
VID_1300,196.47467127457347
VID_2950,-30.80967948134928
VID_12930,6490.568907073048
VID_22247,489.3311645402693
VID_4330,1924.1066884253898
VID_14398,131.473598861746
VID_8506,7240.256226101492
VID_12462,-21.3470909476192
VID_21697,15829.519343305106
VID_14574,7.465198717035715
VID_14171,-21.654474142758787
VID_22620,-215.5325511615168
VID_5642,-30.80967948134928
VID_12689,-20.165357190986374
VID_3676,2559.329462715868
VID_23515,-127.06625652895146
VID_11336,1787.9060035540404
VID_8360,-30.80967948134928
VID_14293,4109.7091054619195
VID_7088,-30.80967948134928
VID_11588,2850.6197536157083
VID_12193,7480.046645272645
VID_18944,450.2516865108724
VID_14220,-20.34535282347156
VID_2589,32.535731525128
VID_17644,-30.80967948134928
VID_20263,-30.80967948134928
VID_15204,4631.861624167466
VID_6855,825.0250590460964
VID_19306,1339.2979255541734
VID_20132,304.0449688176089
VID_18477,281.89049308186173
VID_4562,-249.10324440709653
VID_17001,6037.343465003849
VID_6858,733.4917937148259
VID_20250,31.90722988389465
VID_22484,3995.1027368036584
VID_2358,1363.2721938526486
VID_17132,2039.3992616496669
VID_19635,16824.31844967101
VID_20188,940.2520410879549
VID_1272,346.169957446453
VID_2390,30.341606414028412
VID_10914,-231.56152892062298
VID_9647,37.12498077222134
VID_11219,8090.882385940736
VID_13260,-120.75589987008807
VID_21600,855.9313508804116
VID_12441,2161.5235188337574
VID_15261,403.053386060993
VID_11540,503.1422317500355
VID_20101,135.6974860417802
VID_3909,-193.74458207636107
VID_14409,-20.001475328112434
VID_10430,-30.80967948134928
VID_8148,-30.80967948134928
VID_9579,4057.177791338037
VID_12302,156.12060275897508
VID_7161,5134.406536202183
VID_17471,4699.186914207788
VID_13296,-30.80967948134928
VID_1935,7220.354787717051
VID_23277,-30.80967948134928
VID_20389,12539.505158530637
VID_2988,631.6605321059063
VID_5453,-30.80967948134928
VID_6553,2045.2266981718683
VID_18356,2373.270409617763
VID_15268,699.9788277473558
VID_21503,-30.80967948134928
VID_6901,4088.6081758026007
VID_5796,3926.720039191023
VID_21475,7972.354060676788
VID_19600,809.0545903466548
VID_7977,6056.8226554727535
VID_4704,-248.92184283533433
VID_20858,73.37118438563418
VID_23644,564.821960000822
VID_12962,4386.264580671881
VID_4894,-20.807353677108757
VID_4803,-267.6626217233134
VID_8408,-30.80967948134928
VID_12226,1926.9833910699879
VID_1299,3022.2150722504334
VID_7721,11883.341513087427
VID_1919,117.71530766753604
VID_23316,1121.5511437079865
VID_17849,4062.846689446606
VID_1313,4963.947923534625
VID_9117,225.48173362746516
VID_9152,14794.420839781875
VID_15543,-30.80967948134928
VID_11505,-65.77296382429013
VID_647,567.6666323229065
VID_2236,128.6665416130749
VID_14118,-105.72236991664018
VID_1225,153.37658378363363
VID_11257,-3.8844994764977776
VID_13130,-20.85775018529797
VID_12580,774.9179367684198
VID_860,10735.027674134759
VID_14251,-244.64991138028958
VID_6476,-30.80967948134928
VID_13070,-30.80967948134928
VID_4623,6126.174547749537
VID_13599,3702.6495276427113
VID_11705,-52.48698631820647
VID_11736,-30.80967948134928
VID_14145,1799.7119190382498
VID_13264,5803.467448408727
VID_10476,406.3283437424935
VID_22755,5155.330193921591
VID_13294,113.67957504334159
VID_964,1096.0062945598636
VID_23498,2780.545509915019
VID_12090,662.0765498947021
VID_7494,131.2962997864904
VID_141,1102.5602133222148
VID_242,-30.80967948134928
VID_8088,119.20565486486673
VID_10154,-30.80967948134928
VID_3878,1251.1504085819058
VID_4799,-282.2077124713862
VID_12287,3432.46123332133
VID_15607,3615.640207243692
VID_9974,-36.473510322070375
VID_20032,607.8506874639836
VID_9920,-456.02936099001016
VID_7959,166.96137633211717
VID_21506,-30.80967948134928
VID_15898,6136.866398454543
VID_4349,4305.452630041335
VID_16235,-30.80967948134928
VID_6391,3975.056115415625
VID_4940,-30.80967948134928
VID_16185,-30.80967948134928
VID_6988,-30.80967948134928
VID_877,-30.80967948134928
VID_23610,3646.3128719361853
VID_17702,-140.09087723676083
VID_18664,1303.896763210732
VID_9915,116.4042523850225
VID_4438,-52.43305586111247
VID_15812,-30.80967948134928
VID_15966,1960.3672640913176
VID_2832,8.2403400627758
VID_20533,-277.11171068587515
VID_12692,-30.80967948134928
VID_11340,1409.876630108842
VID_10760,180.59306059209783
VID_19631,8071.804791864903
VID_7012,-119.9787653297187
VID_7799,-318.43716999289376
VID_3963,-424.13323373065344
VID_501,-20.102802385369927
VID_9202,-30.80967948134928
VID_14268,8739.458546506186
VID_21714,12406.248435914471
VID_23154,1213.440429136075
VID_4429,4070.5975413478754
VID_16062,-30.80967948134928
VID_6282,-104.27329224166125
VID_13205,4967.151439913552
VID_8515,6139.811146460688
VID_9480,9544.986425998977
VID_21979,4610.183237306828
VID_18494,1567.3962854583071
VID_20589,-21.31556448470463
VID_15916,1446.0549190310069
VID_17023,-30.80967948134928
VID_8425,-30.80967948134928
VID_3586,4972.621825053173
VID_5788,2282.029076007388
VID_12137,-155.8783604070306
VID_14347,-30.80967948134928
VID_19044,1080.886690291096
VID_11039,32697.218447594118
VID_3484,-24.286291971147374
VID_15142,-23.756498430853206
VID_3351,-30.80967948134928
VID_5895,2174.86418206787
VID_16112,-30.80967948134928
VID_19247,-44.672541637262036
VID_11439,1251.541032548395
VID_18883,-16.18232880824727
VID_12140,-30.80967948134928
VID_17446,-173.4222789761561
VID_5115,6740.2144863854555
VID_21486,-251.76694883389936
VID_17120,506.85591974205784
VID_3959,-94.17469997744705
VID_15956,-98.08243874875244
VID_15739,-30.80967948134928
VID_2682,492.3608902278411
VID_14621,-50.655807628535364
VID_9320,770.9952738060176
VID_12110,729.2327225703556
VID_11354,1501.2647836751719
VID_811,214.2628776984712
VID_9472,222.24127435854513
VID_4773,2868.7190537079637
VID_12695,577.8285608255907
VID_19547,5012.000993745463
VID_530,320.38371882662483
VID_155,3596.7097251289256
VID_22955,1099.4586452114324
VID_20307,1020.3453530084387
VID_11612,564.7829417690864
VID_15674,-30.80967948134928
VID_13000,-164.85338745457508
VID_1455,3430.0007538796312
VID_23534,-58.290760083422946
VID_18740,3911.2330070896114
VID_17988,3310.2165579713705
VID_21728,508.091695491077
VID_10905,4130.41065355078
VID_18445,2103.126285898907
VID_21983,7240.139423488619
VID_16023,-30.80967948134928
VID_1444,8583.472452447175
VID_1814,-20.476348983243216
VID_19094,707.6951153447187
VID_19355,-30.80967948134928
VID_20430,1316.127523736188
VID_13461,7573.49472508112
VID_9066,-30.80967948134928
VID_3020,2152.7560602831013
VID_13577,-19.73664567737942
VID_5062,2781.924797230839
VID_9293,-30.80967948134928
VID_16663,1382.7103531920445
VID_20444,-36.873626263699215
VID_22353,12342.295561084955
VID_22384,-30.80967948134928
VID_23036,764.365016424245
VID_12705,2137.426596236955
VID_11785,-235.2381016164944
VID_22988,11981.19389391275
VID_9495,12788.921666996477
VID_8909,-147.52234051102843
VID_13459,3580.3884903144262
VID_22206,-135.99621821580635
VID_12228,-19.49320220115826
VID_2335,1922.892715124345
VID_17498,251.69156144975685
VID_18702,5381.445563099598
VID_10850,704.8958373458509
VID_12956,8870.640868401097
VID_6246,-30.80967948134928
VID_9539,210.81625679209245
VID_17436,-30.80967948134928
VID_8383,-30.80967948134928
VID_4554,4759.775960169963
VID_18487,164.87355411468783
VID_6285,-19.966808043697718
VID_287,4005.7976256088637
VID_5371,-30.80967948134928
VID_10704,2447.5399391158403
VID_20810,250.81754533475012
VID_7972,-20.12236940007129
VID_10923,1793.2698511000785
VID_11876,7532.7506803705255
VID_15477,-30.80967948134928
VID_12366,29.642353656670608
VID_6538,-24.112353651074987
VID_10092,947.3783458398159
VID_6826,3007.0961284141426
VID_22526,241.0630213466164
VID_10897,3567.619330367052
VID_3400,-30.80967948134928
VID_9995,2452.2442318503095
VID_19337,-35.50839887375813
VID_9673,-198.18076851800092
VID_12280,6107.596178733075
VID_14038,17.828991203680914
VID_11157,-207.2835315820615
VID_13406,4741.156862059545
VID_7774,-296.32689043867043
VID_7386,552.5576428030183
VID_2419,166.90519530448339
VID_6334,-32.77773178903325
VID_1778,3360.088713859161
VID_4907,-93.78938682737699
VID_7122,311.772417896701
VID_10445,-273.32578642204663
VID_18113,1944.527611384847
VID_6716,-18.801296311161412
VID_5803,1118.1392670650657
VID_6459,-22.180569394456064
VID_14427,-30.80967948134928
VID_3872,4146.425766882675
VID_6774,633.3206542020071
VID_11609,62.151239861707
VID_21821,7228.801670829922
VID_14317,4114.190635514437
VID_4982,-182.93368144884138
VID_5798,1695.8028776840804
VID_4365,4362.905211525185
VID_6535,1463.9746328307128
VID_7237,948.4619267535207
VID_10388,-20.307948220648576
VID_17934,445.04298933993147
VID_838,-46.695525685917765
VID_5439,463.9924155102273
VID_11455,-194.87981641834264
VID_7473,53.833588025124406
VID_16677,2275.8771075037516
VID_18433,-216.69440460455073
VID_10243,2133.582807199448
VID_23592,3635.5253283732427
VID_19401,-184.1079240213614
VID_2547,-62.90385102745911
VID_4525,6975.181847404561
VID_13804,387.583060055604
VID_22266,-30.80967948134928
VID_7560,65.4894478427017
VID_10381,680.3739009301994
VID_4977,-30.80967948134928
VID_14081,-30.80967948134928
VID_19054,243.26463896518638
VID_2608,9463.71107462646
VID_8639,6731.337279777552
VID_4407,-30.80967948134928
VID_9135,611.3019493945445
VID_9462,652.6995488345209
VID_10687,6736.61199653473
VID_15274,8362.521029440053
VID_22631,100.25649048700511
VID_3777,-305.7575708545773
VID_10585,2537.9801227926564
VID_18024,2434.998090438314
VID_10941,2269.558579453724
VID_525,-21.955713846166276
VID_17097,661.7030222903318
VID_13836,5429.502711265164
VID_12202,-20.528263589448247
VID_20868,867.4047272980989
VID_17084,763.9313176270157
VID_23196,893.6325778616623
VID_7322,5246.374427620024
VID_17922,2399.6907268861964
VID_5486,-30.80967948134928
VID_15289,8121.090088495655
VID_7993,2529.572872302289
VID_14078,-20.19050964038496
VID_21530,708.311148207815
VID_11469,1196.7743132487042
VID_20959,-111.19771231887007
VID_18159,982.6528129826348
VID_19624,4704.39264042421
VID_19029,2224.45024472677
VID_3489,-20.73754555673206
VID_15983,-30.80967948134928
VID_23605,1291.6541992595314
VID_23757,8727.853069534489
VID_7488,644.2142598100272
VID_15445,-157.3896921778954
VID_4538,7114.123310624362
VID_22661,299.88938910248135
VID_5912,-236.00697433359764
VID_3324,-30.80967948134928
VID_21241,-21.391608445276702
VID_18194,407.3045513737773
VID_8640,9275.755722591659
VID_10657,7683.9008843860875
VID_3622,-30.80967948134928
VID_14909,-25.614212256106427
VID_5961,4751.136754652907
VID_117,561.1881512765169
VID_4690,269.1448606224861
VID_10717,3790.4386442684895
VID_20280,-89.02942251154194
VID_6395,881.0864178531489
VID_9199,202.9343231909898
VID_6343,-1.9673776081714567
VID_7459,-30.80967948134928
VID_18041,217.5019873328055
VID_12175,506.81543008610794
VID_8174,-30.80967948134928
VID_15644,-30.80967948134928
VID_3021,1969.0237493167735
VID_251,189.6319640687216
VID_20609,1003.1309012694944
VID_2033,-290.11622998470784
VID_20357,-30.80967948134928
VID_16428,538.3237080698287
VID_12297,440.9858918091257
VID_1214,3202.271888182206
VID_19907,-93.56621576777607
VID_4697,978.3219693914413
VID_22474,-30.80967948134928
VID_4002,-20.356896185087734
VID_17351,3475.320579523688
VID_937,5256.991863360442
VID_17501,1733.03090084912
VID_2312,2092.151173367693
VID_22996,372.974217412893
VID_14413,-20.316370149719045
VID_7938,-19.60087957932804
VID_616,1220.1266951959112
VID_22499,4745.093763395643
VID_21393,152.39440134165037
VID_23320,43.43401727563654
VID_22780,1467.756305487647
VID_10862,10834.685555893297
VID_21132,-30.80967948134928
VID_1416,924.2151163741274
VID_624,2710.6728864682586
VID_10127,11877.632235788038
VID_15874,62.02096662107855
VID_6946,245.993448875626
VID_8674,6041.2410521418005
VID_22878,57.0799855357316
VID_560,258.80428686814645
VID_13640,3538.504173982467
VID_9765,384.9705210079382
VID_22398,837.4443475435228
VID_20560,1815.6216729802925
VID_4068,46.050497827544866
VID_938,1888.5531521961004
VID_19068,4098.451831977476
VID_8889,1012.0292960449774
VID_23347,893.0208409689333
VID_16952,1196.5613404409087
VID_6032,1024.3060867584363
VID_5116,7621.580169661582
VID_4210,9017.345091685398
VID_22022,4205.588360007505
VID_16770,7349.472045740033
VID_18981,1471.6238233683137
VID_1668,6613.153618433063
VID_23726,512.1492447812992
VID_18550,1006.9387287780511
VID_5518,489.833539248514
VID_12958,11243.101284998764
VID_16501,1194.0134926594335
VID_21485,755.9683654387202
VID_14475,-596.279815043395
VID_3865,-30.80967948134928
VID_21642,595.125745650254
VID_22934,-30.80967948134928
VID_14667,59.33637722802931
VID_5519,47.07809336909398
VID_17889,6.920397771783918
VID_17728,-44.327116789523664
VID_8727,1793.5196963806832
VID_14785,388.55686718585383
VID_16387,72.2312883996281
VID_10703,7016.36460275058
VID_7213,6595.760709683736
VID_14454,-24.280684537420104
VID_13455,1819.053760347099
VID_5467,206.78619592060411
VID_21139,-30.80967948134928
VID_9033,-30.80967948134928
VID_3863,-30.80967948134928
VID_13990,-30.80967948134928
VID_2641,3977.715866090359
VID_15745,-30.80967948134928
VID_5929,-200.378833093304
VID_769,808.8318007280732
VID_5499,321.71106322112774
VID_8609,6730.59834735671
VID_3903,-168.29436865831053
VID_19579,-70.10789356244277
VID_10506,989.8292186246138
VID_23577,522.3127242726682
VID_9042,-30.80967948134928
VID_10606,551.7445484543769
VID_14849,220.53734032100945
VID_10497,1073.8490099729588
VID_21208,473.2534695592802
VID_12837,400.31724721724487
VID_7924,9.859649128370304
VID_21109,-301.1178282094737
VID_6848,4422.145377623487
VID_8993,2561.789918182381
VID_10584,7568.913388254103
VID_19794,-90.13447742307672
VID_15209,540.7352278469508
VID_6195,-20.94341160025447
VID_22498,10422.843756589595
VID_9814,8281.356496509883
VID_18155,-51.81941261069503
VID_20573,461.5784858812254
VID_4092,1523.533198632511
VID_15455,276.34362427177115
VID_8989,-82.58349213015994
VID_1852,-30.80967948134928
VID_17278,707.6619275590892
VID_12619,2393.758385028662
VID_22663,138.75547716965175
VID_15372,2541.2293383673705
VID_13978,-20.587389935191936
VID_17325,-169.28797972961712
VID_19025,1954.4859744398102
VID_21374,13089.43505420841
VID_10207,4286.622242195595
VID_11924,3701.7508363239604
VID_8975,230.16246748343025
VID_8851,659.1920865280177
VID_12210,3479.539340612196
VID_8178,-30.80967948134928
VID_19252,135.67152778441928
VID_5421,390.4700356038226
VID_6757,514.2125422873369
VID_8125,-30.80967948134928
VID_14709,-21.770227002856252
VID_5795,-175.54338421998997
VID_21888,3301.014250744213
VID_14058,107.89363456180153
VID_8028,2.7550962515795523
VID_22918,163.06321427303135
VID_11731,-30.80967948134928
VID_22841,-99.92329282758756
VID_7453,103.23968822835916
VID_11870,3074.861610629631
VID_20484,1215.2988413447808
VID_1971,26.719656426626646
VID_599,147.3045522802509
VID_16812,-20.038385077589624
VID_5401,-30.80967948134928
VID_16289,4077.5252557766967
VID_12150,-270.12524059184085
VID_13299,-211.62935234242397
VID_19015,1760.9953692882611
VID_1604,3469.608011439131
VID_18013,97.59854650979186
VID_2240,-21.227474210062063
VID_8114,-241.0822396545065
VID_13586,-21.252868793177075
VID_2784,-52.25672633712639
VID_1539,2442.062307600893
VID_6787,819.5457410684289
VID_11544,628.6661670946976
VID_5296,4150.841513859291
VID_5684,-30.80967948134928
VID_7467,-30.80967948134928
VID_5869,579.2506995278666
VID_19596,-43.07922303030838
VID_96,4430.8243358551
VID_859,8.313639448028862
VID_13559,898.4731555490193
VID_20976,-30.80967948134928
VID_18524,1739.893298862183
VID_3089,327.4879103259363
VID_4453,3884.5129727495123
VID_15802,486.5581518801229
VID_18291,13697.445815546149
VID_3914,420.6890107029833
VID_10582,2593.8039161053625
VID_11482,823.5206693689381
VID_615,162.65493102252674
VID_19069,-166.61277483162
VID_911,189.1625088807319
VID_3308,102.98711593587124
VID_5668,-30.80967948134928
VID_16402,-20.08345126017549
VID_19375,-102.75546444208373
VID_8556,8824.959903515588
VID_19966,172.3727180000656
VID_17274,-30.80967948134928
VID_407,-436.5614584059687
VID_23383,2151.0303280731805
VID_6105,470.62051354030683
VID_2643,456.93489628699433
VID_18875,-30.80967948134928
VID_13188,2290.722127466448
VID_13504,-30.80967948134928
VID_17900,2511.9551195631784
VID_6368,-30.80967948134928
VID_19648,1790.1202106125718
VID_23490,7616.294155380438
VID_9098,-20.114647810845476
VID_12973,13932.298224591394
VID_15207,6317.694109939476
VID_17033,3202.360725019148
VID_21758,9269.496787393455
VID_21628,-11.44579723992316
VID_3935,520.2800567182478
VID_5670,-37.13835042640472
VID_13844,9223.191873478685
VID_20416,270.64235579419164
VID_19885,-11.904253587794244
VID_15487,1054.144881933839
VID_9890,549.7933056488257
VID_17721,-20.001368200440737
VID_2585,-21.906187762886894
VID_19723,3036.960209461773
VID_22716,2003.9108952498284
VID_10004,1979.727631102903
VID_1529,4018.0456680691163
VID_8126,-198.09373527875292
VID_4224,-30.80967948134928
VID_22704,2206.7412504852377
VID_10705,6547.7422449909745
VID_10524,4163.705902203621
VID_1133,1050.3135404588459
VID_3404,-30.80967948134928
VID_20344,804.6795697283872
VID_9397,-70.11211494945694
VID_20601,-101.57752346131038
VID_9482,2648.782442084718
VID_6673,197.25508435943553
VID_3899,5076.299300081583
VID_7008,-30.80967948134928
VID_2690,-19.905280764121972
VID_7483,-21.124788715049416
VID_1614,3246.520715918305
VID_241,-21.49441676765213
VID_13499,-30.80967948134928
VID_11734,-30.80967948134928
VID_18937,-35.915111609810275
VID_11906,6606.801920547037
VID_11525,456.54913461190546
VID_4199,10426.102056507221
VID_19984,8815.454437319988
VID_15743,-279.4984674805875
VID_23097,106.3548089877213
VID_16716,-30.80967948134928
VID_6805,1166.8445063587446
VID_6552,3155.513842259897
VID_269,5100.047188671822
VID_13646,3174.255374472896
VID_10761,3735.810436719257
VID_16502,2040.0965671531903
VID_10352,-30.80967948134928
VID_10226,1211.4298816386042
VID_23493,915.3526079886101
VID_734,2815.809523669633
VID_5364,-98.57105952564957
VID_5122,5295.218998980292
VID_2104,7849.583391833567
VID_5143,3308.1389538211356
VID_3850,-30.80967948134928
VID_23633,1414.325000369453
VID_19158,-112.06593098788171
VID_23597,-30.80967948134928
VID_5716,-30.80967948134928
VID_23516,-277.56410108217085
VID_12921,7042.069519911442
VID_17949,605.4354961910676
VID_8164,-30.80967948134928
VID_2097,5100.320476109479
VID_10400,-489.79124725146926
VID_998,1060.631034847286
VID_11447,1039.4884630811305
VID_7866,-331.35188762455203
VID_11664,506.11661491297747
VID_7094,51.60699533800429
VID_19536,3375.2360478493024
VID_13747,6578.442225438847
VID_6307,-30.80967948134928
VID_2424,1090.685492262197
VID_6363,-30.80967948134928
VID_1524,1035.57500265784
VID_20772,579.3755201762799
VID_23466,8119.877264777764
VID_10752,1129.8306887045903
VID_4918,-15.674561464553982
VID_23046,53.98556097803206
VID_6694,-67.40723477832485
VID_4646,-97.60241870599039
VID_17016,445.18066534055936
VID_11145,695.4036275582531
VID_12387,1358.232503740294
VID_22126,40.31863314343188
VID_17930,862.0911206018709
VID_12268,1032.388064721534
VID_5192,-229.77607961557996
VID_16369,2079.446301600686
VID_11841,7191.317723290773
VID_13926,-84.34364599296926
VID_5622,3002.1613653362574
VID_5346,306.06553491568894
VID_10544,5753.961946777811
VID_6622,541.1298334125432
VID_17583,-21.789477999975436
VID_13876,8610.84701255675
VID_1033,3279.7086104941786
VID_10998,26979.763876219306
VID_7037,-30.80967948134928
VID_22495,-137.34952692518775
VID_13170,-196.69894590541648
VID_7480,-21.00009245347941
VID_13753,9083.759266757894
VID_13831,5661.468775963019
VID_17763,-187.1813300774673
VID_2793,-347.03269303460473
VID_20514,351.4753051205851
VID_22850,469.65037238268445
VID_3953,329.712188172289
VID_2434,2643.891042258562
VID_13670,3666.610880986603
VID_12368,-100.02999764444264
VID_19664,155.7399836082927
VID_4173,-20.24416723832089
VID_15859,236.97993488488626
VID_14717,781.4642268526184
VID_18425,-28.767061074158548
VID_5232,-30.80967948134928
VID_6288,11.633158923093507
VID_7433,-254.16307354953912
VID_1003,1156.2202264200548
VID_13060,-30.80967948134928
VID_15297,11540.524082354541
VID_9730,946.0033410296766
VID_19022,2558.9166745169555
VID_1885,5645.204265401193
VID_7425,97.78860914756699
VID_20867,7946.788313989538
VID_2501,1155.4457557020153
VID_19822,-30.80967948134928
VID_10604,875.8010312992124
VID_18763,570.550372604221
VID_1818,-27.986315316116254
VID_16644,1885.6430841981978
VID_7528,-231.70592588615065
VID_8166,-30.80967948134928
VID_22357,5392.585936074079
VID_3918,-30.80967948134928
VID_10589,82.6613413729066
VID_3027,-19.690181130015688
VID_23607,1402.6637242234615
VID_9153,5745.482128149182
VID_291,1233.6964563613374
VID_8213,460.43824518029754
VID_9424,137.924705216183
VID_19769,-30.80967948134928
VID_22910,226.55708534082353
VID_14626,-22.299767438121176
VID_2363,3177.788507937195
VID_5125,2149.22599705532
VID_16291,2274.8149130829183
VID_14392,-75.20020229978022
VID_1036,1.9978341758591402
VID_14153,517.5737001130647
VID_13506,-30.80967948134928
VID_6149,72.2450323217295
VID_2777,213.2705152405432
VID_19018,698.5144700870696
VID_8497,1247.8968748718464
VID_21395,-30.80967948134928
VID_7117,1466.1205314317478
VID_21328,305.69882350269705
VID_7710,10934.57438015528
VID_17750,-20.538428795153333
VID_1680,8277.175023991313
VID_4028,1387.1375680774954
VID_20481,1052.0782650082917
VID_8880,106.18375366355363
VID_21640,293.5035403799344
VID_13074,526.6746874516579
VID_8763,-30.80967948134928
VID_3983,-30.80967948134928
VID_432,4939.819051230005
VID_14174,-30.80967948134928
VID_23234,-53.32216483526687
VID_23704,1488.1633266894853
VID_5492,2526.9841792680804
VID_6329,-30.80967948134928
VID_3504,-20.573159420812416
VID_5758,2220.9789099274362
VID_4794,52.80655027032666
VID_20788,-21.624094587471117
VID_5213,-20.581985695872607
VID_6785,889.7175261004719
VID_11456,659.236826642838
VID_22729,2023.0670342163378
VID_9741,291.5486963060576
VID_16684,5641.732141342802
VID_11853,170.66341369863565
VID_3598,569.8635904131845
VID_6772,-19.73331440110846
VID_2469,48.245655321168236
VID_2206,-30.80967948134928
VID_6843,810.1839343839509
VID_10634,-30.80967948134928
VID_8040,5469.787574108502
VID_12369,-30.80967948134928
VID_2693,-23.69281511564691
VID_11067,4234.066655915818
VID_11520,1651.021566534223
VID_2821,147.18977622697312
VID_3038,-30.80967948134928
VID_11250,1436.0032706053873
VID_22710,362.4713238291577
VID_11733,-30.80967948134928
VID_7363,778.7227902611057
VID_23723,1070.5487129225937
VID_11688,601.6863098098432
VID_6034,1087.9192250589747
VID_22123,151.02052954761947
VID_20388,12709.244140080504
VID_6503,626.6323169845547
VID_15018,254.56350207596998
VID_22601,6657.3533468826545
VID_3210,-30.80967948134928
VID_11450,569.4047553678176
VID_1040,6291.6807969914325
VID_13938,90.4068518539071
VID_20462,77.80913481890552
VID_22043,122.32290084637252
VID_23262,3845.936489981523
VID_13502,-30.80967948134928
VID_13855,5399.3337916793525
VID_1368,1.2890720501258461
VID_9381,-152.24208063450882
VID_12394,677.2146481572056
VID_19290,1443.7591099949814
VID_5050,11744.475896737476
VID_23326,5183.745285574995
VID_5262,33.54238983547307
VID_23088,575.593088815669
VID_13259,253.8007142482102
VID_13056,-30.80967948134928
VID_17553,-30.80967948134928
VID_5220,28.752799493112146
VID_16497,941.0751658043816
VID_17882,6.801953809757531
VID_14613,-104.64686672949098
VID_600,-30.80967948134928
VID_19476,-30.80967948134928
VID_814,7.780800158390711
VID_21709,9522.259277179888
VID_23117,1385.087023287275
VID_22461,316.8386793199896
VID_5566,-30.80967948134928
VID_3407,-30.80967948134928
VID_5958,-30.80967948134928
VID_15941,-30.80967948134928
VID_11387,1856.5188702887633
VID_11741,874.1538266282639
VID_70,4142.183766124093
VID_20781,9851.834046616641
VID_11832,6562.258774279395
VID_1723,659.2107553620735
VID_6240,-30.80967948134928
VID_8963,722.729338201484
VID_14121,1698.4968732363002
VID_7960,538.0316964749858
VID_14523,-228.13037962768882
VID_20941,-109.95162935100616
VID_23728,1510.9952004322224
VID_17575,-20.844187183946733
VID_13353,-188.36759821402532
VID_18877,-303.33763923717135
VID_19283,4436.945192026337
VID_19494,-141.86327805820596
VID_12311,5243.026998586286
VID_21019,5118.086168084756
VID_23343,869.9364122229564
VID_16495,27003.891358855773
VID_2932,3422.3327687636634
VID_21207,256.5551407519938
VID_12004,4192.811385361018
VID_11129,1264.4295108202068
VID_15892,3031.4830726393943
VID_5645,-82.34407877651957
VID_8615,9700.503311832745
VID_20982,5599.10194912561
VID_12201,706.6810053069869
VID_20427,175.2476572756606
VID_17217,2819.923515209382
VID_1642,426.2824154901578
VID_11516,221.7766359629284
VID_23022,6928.968882401598
VID_7142,4240.445324753803
VID_9909,4003.1569737611676
VID_9529,3472.1038418942608
VID_22664,-403.2205105255662
VID_435,1581.99243371215
VID_15960,-30.80967948134928
VID_12952,18302.465434275993
VID_21100,526.8183941845213
VID_23229,576.3347306985545
VID_10906,-20.50639297271435
VID_2945,-30.80967948134928
VID_10393,-30.80967948134928
VID_11026,4428.039938859403
VID_13865,4201.558041741848
VID_13079,203.9225072090624
VID_20285,-135.8339127759693
VID_22600,153.54896592770083
VID_15248,4911.035213562052
VID_12096,541.592469548912
VID_12609,1290.6145063695064
VID_21464,-30.80967948134928
VID_2568,-30.80967948134928
VID_18864,1869.0770813704723
VID_3347,-30.80967948134928
VID_15238,5383.107773495958
VID_17746,-101.3014972336456
VID_20055,-22.152781868106473
VID_7138,3033.097425444123
VID_5665,-30.80967948134928
VID_8130,-30.80967948134928
VID_14441,-21.288721512175563
VID_8693,-20.148177913529796
VID_12944,11005.365183028354
VID_3446,-20.766416680030535
VID_2862,4120.877637736668
VID_5671,-111.97816571026274
VID_8484,11043.233409421864
VID_5596,-232.46252845740875
VID_15925,-390.050596443889
VID_18290,3325.8459138699095
VID_4102,2059.753745080428
VID_18762,3641.750789067637
VID_49,-440.2145622152199
VID_19899,33.26202765997781
VID_6311,97.23787602628927
VID_9972,909.175414485675
VID_12965,6188.902733103095
VID_12420,2045.229047372338
VID_7547,7850.707818935963
VID_21893,3813.2294013484016
VID_21819,3491.822783981362
VID_20945,-112.41310986997821
VID_3359,-255.61310059978754
VID_1671,3014.3591197010755
VID_7479,172.05205871032896
VID_12766,1639.5261547145528
VID_8145,-93.44976370865244
VID_13652,2982.3034050978345
VID_21627,70.47690603669379
VID_472,-62.3590217617343
VID_16667,440.4691803229348
VID_20187,-178.6051818863102
VID_18033,-32.85947633394303
VID_1061,8590.403877172543
VID_3719,4019.6333830929757
VID_14470,3444.3875262551073
VID_430,329.5420924386529
VID_22153,-50.6104777594856
VID_19285,3386.2874015416473
VID_8843,-30.80967948134928
VID_11084,1512.1506848241772
VID_1246,1315.1537657848173
VID_22180,-36.56015699240837
VID_3111,-30.80967948134928
VID_7313,7274.954128691992
VID_23081,2754.021758923625
VID_10020,1806.114365900293
VID_5656,-23.594768108109182
VID_15080,5775.637278267155
VID_18949,-134.48399869538068
VID_10056,3289.676935523347
VID_17696,-30.80967948134928
VID_23304,-30.80967948134928
VID_22199,-30.80967948134928
VID_4851,-30.80967948134928
VID_3917,-72.30547632861675
VID_6859,1398.9677788965566
VID_21622,3017.5841123060795
VID_20987,726.4276938011656
VID_20279,57.359710218827594
VID_12069,63.443365170146144
VID_3742,-30.80967948134928
VID_5130,608.3024296384976
VID_3029,-224.84134285625098
VID_23673,3086.7933658283205
VID_9586,-30.80967948134928
VID_11637,-26.995257356929606
VID_15344,1795.8893623756878
VID_12885,150.43675849636227
VID_4096,-20.008005381898638
VID_4138,6753.276537886781
VID_12864,-30.80967948134928
VID_5340,-19.96990702973193
VID_11542,217.3335408627094
VID_18608,3004.326854014479
VID_15189,3655.6409406525077
VID_22317,-30.80967948134928
VID_22385,5714.490142530424
VID_10936,5856.43842810627
VID_11519,456.6148870823411
VID_12576,-94.46839198398966
VID_20918,2495.872371716066
VID_17112,1115.7111837182727
VID_2396,-202.21518714754936
VID_3125,-30.80967948134928
VID_9058,-30.80967948134928
VID_5939,2682.871551609162
VID_7593,10740.135184587454
VID_4754,-31.72207726372237
VID_2974,-30.80967948134928
VID_3590,3434.337778239576
VID_3600,-20.302520078771384
VID_8459,5629.696291374669
VID_4543,10163.177893445285
VID_12434,2177.0756475655576
VID_12167,7438.946090110002
VID_1322,1107.0896090878778
VID_19409,-100.1826108495773
VID_10523,8267.715272594629
VID_4457,2936.3327276280556
VID_19478,-85.31294524915505
VID_20828,6163.81248229302
VID_10775,-302.94400812746795
VID_12091,-271.1619658601807
VID_14378,2892.2704051847813
VID_1418,2379.850799754802
VID_12458,23.360087606601795
VID_15357,5739.7964329153965
VID_3555,134.70481946970395
VID_19662,3756.7735051305704
VID_9393,-30.80967948134928
VID_19125,-30.80967948134928
VID_17044,-12.423653321164934
VID_14112,592.6297642946047
VID_22607,3353.994440205022
VID_9508,-348.23709711418945
VID_18141,291.3289981841188
VID_13392,-30.80967948134928
VID_6306,130.07669959557833
VID_16298,821.6320082551188
VID_5832,2529.5168220735545
VID_20852,1860.414385777295
VID_2052,-30.80967948134928
VID_11283,-20.730492432536913
VID_20392,9109.456684203296
VID_22108,4395.387941735774
VID_3064,-77.34277467789909
VID_4482,-21.909051293792878
VID_11672,5645.254888752694
VID_3301,-30.80967948134928
VID_20106,718.1687840148923
VID_16205,-30.80967948134928
VID_9532,11104.53358046774
VID_11294,-30.80967948134928
VID_12690,-30.80967948134928
VID_21059,1253.84972527292
VID_2388,287.85222371719016
VID_17405,-30.80967948134928
VID_3099,-338.5469633471875
VID_20770,196.5468371320044
VID_17262,-139.14073900148603
VID_4476,520.9556418300107
VID_1163,2727.93166314491
VID_22777,97.55051807861382
VID_21090,1320.6926531318406
VID_6598,1366.2949177287048
VID_5743,-25.864800548745926
VID_21253,396.9199615314449
VID_20611,-30.80967948134928
VID_1089,273.58022553235986
VID_4371,2609.364737095823
VID_17003,2154.679570512409
VID_18424,-21.884575028163678
VID_1222,2978.1598169355916
VID_6479,-30.80967948134928
VID_13563,4316.791518885975
VID_12946,5203.125751098249
VID_8437,5092.166623656705
VID_21515,-34.32267396510266
VID_14775,651.9515881800193
VID_17802,146.5818753645872
VID_8274,281.2654470234401
VID_23680,1557.7951101819792
VID_6005,8249.177607165046
VID_23105,3137.958771632847
VID_9956,119.31514512181319
VID_6750,-20.83046447363563
VID_16401,-246.01329439828
VID_23075,59.458598254326525
VID_14863,2516.1357886872206
VID_19341,84.97784363458895
VID_19522,-30.80967948134928
VID_7749,-30.80967948134928
VID_17107,641.7847224673021
VID_12774,931.9807892367337
VID_8974,243.68010460925592
VID_11208,76.85012987565624
VID_6781,2055.6462223724243
VID_2411,344.9989258296264
VID_8384,-30.80967948134928
VID_21496,-30.80967948134928
VID_18389,4643.477153440451
VID_18660,5138.106460326501
VID_1547,5910.689513486193
VID_1065,-41.71909236119722
VID_7387,6429.767488391245
VID_11746,431.11154002536597
VID_7133,4849.286918647411
VID_17890,-63.66715948564333
VID_12710,240.81001500379764
VID_4806,123.52726115246496
VID_1976,4347.574083957728
VID_13114,32.497810760559595
VID_19933,148.95362548613437
VID_8961,477.0646856170641
VID_4436,7.834714252668391
VID_11471,1734.7166560190083
VID_6393,-20.350691729039273
VID_8690,-330.60991755129004
VID_1266,865.8947749562175
VID_10199,3265.4790723478454
VID_16287,6060.522819073957
VID_11285,157.2334356193583
VID_22078,132.37463318329154
VID_22632,-78.55481118001735
VID_17811,686.7162483925474
VID_308,950.8329252001818
VID_8559,6499.622051853216
VID_13391,-30.80967948134928
VID_23733,2708.536883334302
VID_12814,-14.922446460263533
VID_7783,-21.19113050587126
VID_11619,193.50476749171062
VID_4950,11.29916613554952
VID_17844,6953.991776127523
VID_15758,-30.80967948134928
VID_20079,-157.11552857799992
VID_10069,3046.586271090407
VID_15577,478.5772793076032
VID_9911,1274.90503851745
VID_17668,-21.95514489610661
VID_22412,1112.4265090909857
VID_20668,-20.56681801655569
VID_5469,-20.293874082497094
VID_3477,-30.80967948134928
VID_15324,2511.6489110142516
VID_11267,5871.063073589767
VID_8597,8752.745442453432
VID_14548,1832.714747650957
VID_1194,6789.92141330769
VID_5600,-174.5236955713739
VID_714,-253.2808431792011
VID_15462,-30.80967948134928
VID_17243,-26.261719281748245
VID_2432,5922.365474525499
VID_12784,1022.9426252560668
VID_4755,-30.80967948134928
VID_12103,-20.077448501148154
VID_5452,-22.202874527300196
VID_1077,3847.913580345506
VID_13656,4662.141351876069
VID_23047,1608.284453575838
VID_2692,-30.80967948134928
VID_20623,-30.80967948134928
VID_19418,-36.9153968548881
VID_22232,603.0373863390612
VID_6574,2890.275146798257
VID_7327,1252.184705405929
VID_13579,3008.9003374881336
VID_14575,31.74847622138457
VID_5813,1332.7143333417193
VID_15008,-30.80967948134928
VID_575,92.38546124103352
VID_20939,3866.8595870689364
VID_1973,442.22248985784853
VID_6371,-127.35227376352357
VID_14854,-30.80967948134928
VID_14833,9592.13298515099
VID_21299,49.11869108491455
VID_16915,-30.80967948134928
VID_6309,-15.702619877975575
VID_10230,17310.108280080145
VID_17533,-259.94755325504383
VID_13445,-30.80967948134928
VID_20091,233.29169062526447
VID_14734,77.73997321400371
VID_990,3214.5604749253357
VID_1433,4307.246374490143
VID_17335,-30.80967948134928
VID_9492,10314.67730312816
VID_16368,999.6423734175869
VID_21194,113.67128172524143
VID_7536,1048.7015099553935
VID_11647,4824.732911796631
VID_22540,807.9573265173904
VID_12919,-187.99158210855612
VID_8573,4636.820741438483
VID_332,382.311347855433
VID_23679,1675.568220505709
VID_6675,-20.29473451169433
VID_6431,-30.80967948134928
VID_12138,56.9047220775955
VID_14674,2252.738463492874
VID_9043,2588.216655386546
VID_1427,6238.807789750264
VID_10326,-145.39105844488418
VID_6121,-21.07888205820664
VID_20413,-30.80967948134928
VID_19785,68.50095459226196
VID_12681,-52.99289416915661
VID_20531,451.82203767547145
VID_6356,90.21392433323796
VID_3790,2851.596621882067
VID_6591,321.96255699062414
VID_1798,2827.399360284935
VID_409,-136.5167608036065
VID_11941,5022.9430612313
VID_22788,-65.12214172492723
VID_9094,-30.80967948134928
VID_7071,-30.80967948134928
VID_3436,-20.852782635929785
VID_20475,484.0323583785915
VID_22614,-35.21005546722328
VID_15108,3898.281967040301
VID_7007,-30.80967948134928
VID_18260,5410.8361598516585
VID_10317,-30.80967948134928
VID_21914,569.8058219186133
VID_8034,335.7202184190093
VID_9624,-30.960614154767512
VID_9860,199.39794901572103
VID_609,256.0895348973298
VID_9013,-30.80967948134928
VID_15684,-30.80967948134928
VID_11353,4075.83472485802
VID_23124,7889.5862227516955
VID_7717,4118.95008604065
VID_12993,-163.6971488245176
VID_390,80.36835794339272
VID_2574,-20.988901021771767
VID_9826,865.4406836377244
VID_20411,-30.80967948134928
VID_13748,8746.762923091286
VID_22008,3572.7306022059943
VID_23133,3205.4924783487572
VID_18461,222.72188324764588
VID_13349,-237.9056027060041
VID_8256,363.49383734582426
VID_10201,6842.201088396763
VID_773,18490.632575447467
VID_11020,10044.689676260594
VID_12745,1041.4721532869448
VID_19425,-30.80967948134928
VID_12029,11626.245404570092
VID_1907,-5.537884769240877
VID_22849,-76.97257826169344
VID_2714,5281.217277004648
VID_19918,-45.43194343990486
VID_6134,-30.80967948134928
VID_5853,6102.598249736295
VID_10963,3999.1556429277666
VID_8466,7253.266113500133
VID_14189,307.6865697734415
VID_13934,-30.80967948134928
VID_5932,219.78557854464069
VID_15673,-30.80967948134928
VID_7804,-29.141333228174947
VID_3722,1035.764547149373
VID_19906,43.00850976311043
VID_3043,-22.2822399745291
VID_1513,1175.334992781328
VID_2110,4830.433430888259
VID_17568,168.81896173526476
VID_11373,1864.8311082053217
VID_22316,584.6171636863949
VID_15689,-30.80967948134928
VID_22380,578.8274379533598
VID_6587,965.4091819086344
VID_7533,-306.8617699938458
VID_15710,-30.80967948134928
VID_821,293.4956063946139
VID_13807,774.4353213195515
VID_12586,648.5019859378722
VID_7625,413.06415102958346
VID_22652,353.6577478801708
VID_9901,290.21096491272
VID_21380,-120.68666780273476
VID_7879,-30.80967948134928
VID_15339,876.5801063690337
VID_10163,6027.292342646582
VID_20937,2469.542412287003
VID_21929,-101.17520118357476
VID_19609,351.35423992992656
VID_64,1779.0330767656098
VID_17238,-2.720394050083255
VID_9551,5795.522832681047
VID_9804,5738.163844786344
VID_4537,5418.777582848066
VID_10869,142.21853472998754
VID_22949,7512.336867674849
VID_7384,-30.80967948134928
VID_15761,-30.80967948134928
VID_3571,-30.80967948134928
VID_8563,1946.433932744489
VID_16120,-30.80967948134928
VID_11440,855.8610872211354
VID_3480,-30.80967948134928
VID_4673,93.5570822713715
VID_4063,5759.043415724465
VID_16045,-30.80967948134928
VID_2318,631.4141072373509
VID_21811,3763.3847506781244
VID_685,-252.22073826984953
VID_18512,13967.738187843264
VID_21188,8976.041402702096
VID_16896,-231.52304721289357
VID_4347,146.5470788009736
VID_2525,-417.30565003647797
VID_20174,421.5016281392935
VID_7525,-24.171068245874242
VID_6181,74.86424657814314
VID_8939,-14.864618086474103
VID_6809,816.8700514582363
VID_16279,6063.390082417558
VID_2836,-23.428231444908977
VID_19921,-113.14141480148108
VID_10241,18310.250078556513
VID_5180,1125.0144750008224
VID_7716,9670.359809699909
VID_5583,314.3131655889311
VID_12564,920.4698042153972
VID_2866,44.68382905337837
VID_3702,3348.591544075076
VID_10224,14375.885688040991
VID_19132,3981.498017089888
VID_16745,-20.034795870117666
VID_9703,-30.80967948134928
VID_9081,-32.10274255994723
VID_14978,-152.30615217534344
VID_20905,-30.80967948134928
VID_18935,-174.38566740542953
VID_21108,-20.405246855975363
VID_18493,129.57645698159033
VID_8814,-30.80967948134928
VID_7192,6712.9423145329265
VID_7355,55.54116667291693
VID_2617,220.32370259186183
VID_22856,529.2003852854837
VID_2794,-365.94592664422595
VID_3468,-30.80967948134928
VID_17472,3657.6340016543913
VID_13767,1944.7134884606555
VID_17302,-334.9368179549569
VID_22238,642.6172685705974
VID_23200,5488.884273329593
VID_14721,-185.50151883664117
VID_13902,-30.80967948134928
VID_2880,2703.2225143282553
VID_23371,5801.201527362531
VID_13147,-30.80967948134928
VID_16856,-233.89637306522283
VID_7893,-280.00723960339127
VID_4230,1642.674773931332
VID_9663,-329.8840334632761
VID_22068,149.3474002895944
VID_3623,3202.43928027123
VID_14520,-21.530227569072903
VID_3215,-419.46634124536274
VID_12263,152.6673359702392
VID_20214,94.605622869295
VID_2926,1009.3353842750641
VID_13776,1041.3607054086663
VID_16270,6766.511522187204
VID_1102,648.6666976180782
VID_2656,251.81955738263315
VID_17831,-60.63343930516404
VID_17518,176.07409418841976
VID_20006,-117.12649245090576
VID_4357,1300.2663081584694
VID_5530,-20.28923060026507
VID_2286,294.3071304534174
VID_3113,38.18224688448871
VID_2569,-30.80967948134928
VID_17384,35255.1292492269
VID_14754,3073.9724008972967
VID_12427,3541.65054868789
VID_7113,-187.2643185353973
VID_10799,79.73236593382289
VID_6332,141.4910018076018
VID_13405,6041.071646560459
VID_4411,138.91836785915385
VID_5731,-30.80967948134928
VID_16584,118.84562399851602
VID_4568,6575.114986252322
VID_3575,-30.80967948134928
VID_15944,-227.37606740526152
VID_15417,1979.2798587767904
VID_5761,5263.380008568485
VID_11243,-73.70060941157098
VID_362,5346.31699908509
VID_8932,-43.29458801287062
VID_22733,2732.5395055318427
VID_793,-23.092384707298216
VID_10956,38208.140321848085
VID_4422,-20.91752765818177
VID_10549,2452.847220073638
VID_3939,-134.2585685424968
VID_19790,-232.22640502963108
VID_18850,7489.144288765866
VID_13900,1679.95100227626
VID_14794,87.6262036072947
VID_19774,399.893594836201
VID_12857,229.50543185421125
VID_17928,3210.2597450330663
VID_3372,4170.346246462272
VID_15175,4237.441407127299
VID_4571,10477.629524587883
VID_7559,76.29779952968697
VID_21354,8734.187204809601
VID_10061,3071.2817113503797
VID_7537,187.14714083320095
VID_3488,-20.691564788287415
VID_13611,6203.5871025161105
VID_6878,1486.864247363422
VID_4973,1713.469280478738
VID_13113,42.25985371430014
VID_5266,674.2328109717382
VID_4629,4368.888474553152
VID_11240,2074.7789456822347
VID_20165,414.06907699978046
VID_6081,-132.55499688932852
VID_16533,-30.80967948134928
VID_15917,6029.576008417051
VID_9570,10004.129604976632
VID_11907,4277.352982860374
VID_23040,1848.4351410860543
VID_23418,80.17828557850241
VID_3402,-30.80967948134928
VID_784,1680.7607227535057
VID_9459,3557.797932630981
VID_14437,194.88520745805297
VID_11004,1324.3412403434875
VID_18896,-40.14500094983317
VID_10256,4877.611727163658
VID_17618,766.5141474966206
VID_22331,252.20079505810284
VID_3752,350.6685916665918
VID_12128,13.806359281927186
VID_5781,2620.5749934978235
VID_22852,-130.6872438995487
VID_3982,2221.8953986327697
VID_12789,1564.2681513846046
VID_10045,6959.707238909047
VID_16750,-0.18459919345075404
VID_4877,-21.828368525155085
VID_21679,12627.680784888573
VID_4105,4588.899277851532
VID_10655,-142.12102918117077
VID_17768,-30.80967948134928
VID_2849,-46.566866223523704
VID_3663,1227.5087400617529
VID_4544,10865.273422647704
VID_2207,702.210439047217
VID_7078,-30.80967948134928
VID_13144,32.92112006235974
VID_4884,-30.80967948134928
VID_852,-21.170542374310948
VID_12131,7065.3273678180485
VID_16562,7334.0499737109985
VID_9009,701.849746604506
VID_13487,-182.48341973192677
VID_14576,3805.442158244228
VID_16832,-147.68526703913446
VID_17985,752.7907711879762
VID_21569,-108.37694674043696
VID_4951,-30.80967948134928
VID_18135,917.5008274415969
VID_1962,-130.48360086172167
VID_23091,70.79291640572369
VID_23077,829.7040279198457
VID_9672,-236.89279842922176
VID_20332,-11.796410936610947
VID_4113,-30.80967948134928
VID_6555,728.0207252802632
VID_6209,-340.107701240183
VID_23570,-54.621916229138854
VID_14917,1684.0863381033835
VID_17109,1940.659786414303
VID_6136,5915.487769190631
VID_3040,-146.26733560366696
VID_9886,619.4433974922418
VID_18657,10648.539308760719
VID_2394,-30.80967948134928
VID_1352,9739.588854295678
VID_8297,-10.682378077458221
VID_10112,1566.784207840222
VID_4262,4846.767343990303
VID_10461,6647.377333192448
VID_1952,6338.162879442422
VID_10504,391.5262336667626
VID_10590,577.0509021278689
VID_18256,843.1170031566911
VID_19145,-30.80967948134928
VID_20784,5911.85120681473
VID_448,6766.169976776962
VID_6293,-30.80967948134928
VID_4462,288.6113306555297
VID_6650,3758.4495332633182
VID_11002,4798.352588596599
VID_17404,-30.80967948134928
VID_2118,-350.48220579477044
VID_3642,3787.2903472077837
VID_7963,-21.029297780973682
VID_1340,4684.672309211668
VID_6769,-30.044243146946236
VID_23631,2750.4031928603467
VID_21726,-30.80967948134928
VID_11721,1078.2132890810728
VID_1553,4400.796825206166
VID_541,960.613314006235
VID_2429,-327.78922569964794
VID_13505,-30.80967948134928
VID_23404,-20.007801962445786
VID_6298,-203.54997433451243
VID_13722,4112.577861111074
VID_19086,-144.88160410371844
VID_19421,99.38283948776056
VID_3997,-30.80967948134928
VID_5230,-22.696142100567627
VID_14597,-23.592911310743425
VID_22282,1793.4626444699518
VID_3986,-34.539486778473695
VID_13078,-78.72025510540307
VID_5677,-54.78941418528857
VID_7886,-331.6656539701156
VID_20821,10947.93597380665
VID_13253,-30.80967948134928
VID_3632,9363.541753330454
VID_15975,-30.80967948134928
VID_22577,-0.733150071379121
VID_15223,2410.8625684694703
VID_11245,843.6276183756087
VID_1802,2082.026373424956
VID_7434,-268.7603569587679
VID_11313,16.69455235174732
VID_2900,343.10879978007557
VID_106,4210.050595545249
VID_9784,15.217921970548367
VID_15561,7592.185704423484
VID_20893,-30.80967948134928
VID_4174,-20.34169987772357
VID_1295,3874.3927147546415
VID_701,106.88449398907115
VID_13718,14380.0325057836
VID_15384,2159.605350492307
VID_7332,-30.80967948134928
VID_21757,9837.810515354002
VID_16022,-30.80967948134928
VID_16236,-30.80967948134928
VID_4337,371.888065862971
VID_20636,-30.80967948134928
VID_639,2168.942068172793
VID_3511,-30.80967948134928
VID_5508,-21.18237161892864
VID_6281,-30.80967948134928
VID_15053,-142.69859535235432
VID_3435,-10.529177214875368
VID_8616,-232.11884959348924
VID_14044,-19.64487603051125
VID_6493,1884.9256094173732
VID_3158,-30.80967948134928
VID_10253,11288.874778320802
VID_3001,2021.9575416684002
VID_20951,-30.80967948134928
VID_5750,947.2194336563558
VID_11466,1639.0806508771757
VID_9642,3527.1983127364333
VID_15556,-30.80967948134928
VID_14167,651.3301745815801
VID_16180,-30.80967948134928
VID_5456,38.32512992000822
VID_926,-369.33785717164955
VID_16685,2274.029192994294
VID_14228,-20.29752629369529
VID_14720,-21.705580948399213
VID_18717,3061.9730650346114
VID_10635,5180.9136004180855
VID_20840,192.91712946427444
VID_3096,-25.44962357329452
VID_3244,-196.92946494418126
VID_21373,23535.813935000435
VID_5533,-30.80967948134928
VID_4549,9716.23403757231
VID_22471,-513.1257827000999
VID_3835,886.5143252638901
VID_17761,-30.80967948134928
VID_5721,-195.48184408960017
VID_510,-30.80967948134928
VID_19978,3771.8347806994575
VID_15191,9360.223664911407
VID_17998,140.2983081747314
VID_23349,1887.8253772009448
VID_13271,1377.277137564875
VID_16457,-30.80967948134928
VID_21777,1144.4614542968795
VID_6416,-30.80967948134928
VID_11087,27213.69199841915
VID_7437,-30.80967948134928
VID_22835,2628.134667064642
VID_8283,534.3817016693615
VID_13522,138.32141387450295
VID_7611,-82.21953334338919
VID_8984,-84.38577877079481
VID_10628,-21.469934255589145
VID_9849,5008.34857052115
VID_1968,-30.80967948134928
VID_11578,549.0692232522765
VID_2237,-20.404106215378807
VID_15132,8019.490982250225
VID_12746,5782.470919624602
VID_3130,-30.80967948134928
VID_9593,-100.09432242653618
VID_10652,8177.851255423745
VID_14015,28.49523208386643
VID_7116,-248.7087434685396
VID_19028,8233.15096600647
VID_17430,-30.80967948134928
VID_21788,-30.80967948134928
VID_15831,-30.80967948134928
VID_5942,-20.581468404635523
VID_15029,310.07570238882386
VID_4352,6851.70282282806
VID_21653,18998.76121510432
VID_6190,468.4766964375042
VID_7095,1610.5090505829478
VID_2485,10.783690579033447
VID_6437,-20.698055761684184
VID_11325,1771.8590363387386
VID_13363,1902.3535412362178
VID_6398,-30.80967948134928
VID_10189,1255.5711256719642
VID_18253,860.974797365848
VID_15829,-30.80967948134928
VID_12349,158.55543056746544
VID_11887,6174.866534868755
VID_22327,5243.814801129527
VID_10815,418.29650172527187
VID_1776,3713.444279317179
VID_3175,-30.80967948134928
VID_21068,742.8648626867209
VID_7316,4464.713299596464
VID_21999,7248.247991668599
VID_19345,-30.80967948134928
VID_3700,808.643384551954
VID_7802,-20.92264276858927
VID_2126,4123.035726452823
VID_1254,4252.698616198436
VID_18091,56.19420404509814
VID_323,3831.8988024082573
VID_605,4618.275836013708
VID_22819,-30.80967948134928
VID_6178,-30.80967948134928
VID_20098,724.3028596224842
VID_18451,-206.25318413314284
VID_21177,4705.576290584346
VID_6010,-312.712783838456
VID_21931,-110.91774982960635
VID_14297,1911.2756585852665
VID_19770,-30.80967948134928
VID_18120,1946.8208640092364
VID_1563,824.2662869109151
VID_976,8037.285061644754
VID_5235,-21.147678725642155
VID_4540,11638.607400109773
VID_17883,-26.536488511616934
VID_16527,1111.1526562531656
VID_1118,369.1211254223354
VID_22359,17136.03901953018
VID_10076,2361.611596822066
VID_654,2847.31146983757
VID_15065,4441.840139153159
VID_16385,130.04720418999412
VID_767,207.95179810635628
VID_18898,-30.80967948134928
VID_11910,4763.166249821239
VID_11880,1841.7232838632342
VID_23174,897.2361256212955
VID_6947,-20.148517567389312
VID_23593,4952.227050102005
VID_20704,-117.35027332734917
VID_6935,140.09939869410528
VID_19859,114.11570374685691
VID_6578,1024.3602787071059
VID_9747,1243.3096614745607
VID_13132,418.0635894251887
VID_8734,-30.80967948134928
VID_22732,11481.39586747241
VID_18516,406.63788505358434
VID_1949,8821.489762765425
VID_22124,20.587749754848495
VID_8310,243.92991432380202
VID_14424,2681.671950079829
VID_18895,339.00534746509726
VID_13210,3656.1723308861665
VID_14732,3624.2336262993863
VID_6603,-220.23377611472282
VID_19754,241.68744475404807
VID_9276,-30.80967948134928
VID_6369,71.52140812129775
VID_12207,157.4860293816295
VID_11183,102.91758210228663
VID_18547,383.0538905713591
VID_12303,122.7345868311504
VID_1587,8645.803474594668
VID_22246,1030.2323143555195
VID_16300,9466.980257645117
VID_4282,4974.605224353678
VID_12064,332.8448256321672
VID_20842,-30.80967948134928
VID_21172,15432.675328260051
VID_4541,10630.490402705025
VID_12477,-337.96671934113334
VID_18127,1473.2076301887123
VID_1502,708.0135123487137
VID_18016,2914.371600408444
VID_10950,2664.9960912219717
VID_11735,-30.80967948134928
VID_11959,5125.965133861553
VID_20482,1103.459280570945
VID_5816,-120.6789489782986
VID_7301,1263.9114085518565
VID_226,-20.206822266466272
VID_20856,9522.404689120625
VID_5107,68.4256533816711
VID_11678,7686.4894188513645
VID_23497,2116.706795444475
VID_6797,2767.8796039646263
VID_22106,9315.805732196133
VID_10151,-294.46255417616317
VID_6725,-99.29096859503213
VID_2435,1315.3279653047646
VID_17908,447.01440389517063
VID_454,-19.966888358385823
VID_23067,8584.662312669341
VID_21609,1327.2768937560502
VID_3253,-30.80967948134928
VID_5935,219.2848293287319
VID_1568,1751.4456525563598
VID_14804,6883.218489343966
VID_22087,1239.6662554619836
VID_9497,3334.376854788348
VID_4592,52.304388569561816
VID_5831,892.0449800648803
VID_11356,330.60524872312095
VID_17667,-293.69454566202785
VID_13649,6277.935184867696
VID_7974,196.0069408490909
VID_6013,-164.83976368727483
VID_4389,-30.80967948134928
VID_19030,2905.8370810282263
VID_832,1404.329737109709
VID_14244,-25.67664964884011
VID_282,817.4443304683225
VID_17406,-30.80967948134928
VID_12603,1070.2158444622753
VID_4580,5454.132562550189
VID_9481,1066.0266578717217
VID_22005,7728.812076444895
VID_20093,35.71653199006084
VID_3816,-270.01253499832586
VID_12403,2356.137894392969
VID_16868,-151.11135808099132
VID_11701,-90.89913441845165
VID_16884,-30.80967948134928
VID_7812,-30.80967948134928
VID_1655,-60.87499833804505
VID_21729,708.7319805403213
VID_6951,-201.67473676782296
VID_17539,203.20935084846556
VID_2956,-289.17033485732964
VID_10006,4952.6157537999115
VID_14881,3606.1108276509167
VID_1138,186.91379382926394
VID_14030,-30.80967948134928
VID_3201,-30.80967948134928
VID_17876,29.69568664841396
VID_20857,766.4396935271376
VID_2154,3564.6813824825376
VID_5544,-30.80967948134928
VID_10712,1452.0256917966565
VID_6910,1043.8294954982584
VID_2882,502.46445596986433
VID_15719,-30.80967948134928
VID_2706,6370.503852104499
VID_143,1085.6805998244333
VID_10659,-127.53637220244453
VID_22669,69.58928606631882
VID_3256,-30.80967948134928
VID_18252,213.68140860860748
VID_137,3249.9571734439824
VID_8672,4298.995354567709
VID_12118,262.57400498307555
VID_6922,3601.185042131646
VID_17178,969.4518909379324
VID_4557,-30.80967948134928
VID_8160,-278.40579866858604
VID_6384,-30.80967948134928
VID_23225,2743.521776895308
VID_17567,-20.87724484264841
VID_3948,419.37289645414313
VID_9140,808.3795975895125
VID_7953,-18.587077498234336
VID_11092,10973.589062501494
VID_1181,2535.0276424900617
VID_8841,412.87367405136877
VID_1656,-21.993036366955458
VID_1754,3472.3021572802922
VID_9938,2706.5730592956957
VID_14679,3283.094422123233
VID_19110,663.8561448929172
VID_17072,740.9780392606237
VID_18196,865.2278901778766
VID_14429,3058.95561092376
VID_20829,7887.006606083265
VID_1727,167.5738296824588
VID_4614,10509.444430159794
VID_16758,-13.343063578400741
VID_44,6186.680667953498
VID_15213,1474.242555048436
VID_1709,2308.7011477656465
VID_5094,3053.550740288712
VID_15523,-30.80967948134928
VID_14180,-19.950139913257967
VID_17357,2963.6311900997393
VID_23027,131.6148352872954
VID_9263,-243.77349063659904
VID_739,738.408063104333
VID_4921,11.153851989838167
VID_12691,-30.80967948134928
VID_3569,-20.87900973827321
VID_5953,76.75762513874035
VID_21747,-19.571703989599698
VID_9598,5560.923664544911
VID_176,-17.927905935920634
VID_19040,7494.455562409766
VID_6705,-129.74209490215097
VID_21343,5724.408471990847
VID_4162,-30.80967948134928
VID_22679,61.068861662222865
VID_19508,123.1566255617693
VID_2131,-18.72795308408007
VID_9655,-30.80967948134928
VID_4729,200.69435401808036
VID_21712,10268.020996586823
VID_23591,7402.649957683394
VID_1571,4385.7558123936315
VID_19048,2217.0495508552544
VID_10794,3992.1880070064103
VID_8462,7925.172229080723
VID_7572,2312.6737717028946
VID_19660,442.9157020226251
VID_10977,1870.1181270657876
VID_18270,1887.0240885874678
VID_10621,-53.020841982457306
VID_20459,7969.0810885677765
VID_8902,551.8234294606707
VID_8879,1041.1961198414024
VID_23588,2926.2857414681366
VID_21748,3334.4767922734454
VID_17517,-46.89715935265614
VID_17678,-30.80967948134928
VID_12011,3015.333725922967
VID_21869,11070.140556606138
VID_7035,-30.80967948134928
VID_915,10099.527544043161
VID_3330,-392.08343450032953
VID_21146,-30.80967948134928
VID_5812,5217.864724946439
VID_21236,206.01253660450308
VID_19792,36.8411317274204
VID_11920,9495.464975299816
VID_8060,-30.80967948134928
VID_11201,486.1685407557838
VID_4814,-24.98096503190403
VID_2255,-135.51710399424732
VID_1557,1063.5570378150717
VID_4517,8050.457075191041
VID_1847,12.287979334176203
VID_12468,-30.80967948134928
VID_17563,-20.511655695200705
VID_6092,-191.38636514440563
VID_8505,2501.85728917949
VID_3145,-382.4817042618536
VID_4523,5102.756483222427
VID_5572,-23.513411118556732
VID_15622,6447.391155681076
VID_23664,270.18969738508787
VID_1199,5354.8967654985245
VID_20859,3096.3945244990723
VID_20219,104.44941449555863
VID_14843,-19.982335281373732
VID_10143,-330.05629522720386
VID_18589,-30.80967948134928
VID_12417,1257.920889075827
VID_13581,45.811618824993324
VID_3415,-30.80967948134928
VID_17443,-23.44770464594177
VID_4628,-30.80967948134928
VID_2661,7932.813610575091
VID_7209,9077.244141289102
VID_7870,-30.80967948134928
VID_17045,-173.5555857226893
VID_20063,364.8361435326389
VID_11909,3444.8851960640854
VID_17225,4069.9540490267964
VID_14680,-20.039795371007454
VID_7326,-35.49733795833642
VID_15140,6787.021967209041
VID_2324,-19.650952014584288
VID_2936,148.05653865103275
VID_18115,521.6515801294921
VID_9316,-30.80967948134928
VID_18367,11517.656292027084
VID_15205,2066.315452873577
VID_3068,795.1739995791097
VID_6319,-92.7778092245353
VID_14285,516.5746561288165
VID_20949,-112.14380349065796
VID_7519,164.45841314054977
VID_5836,750.1660992351274
VID_20268,32.45251915317565
VID_12833,21.50592167306872
VID_17659,-30.80967948134928
VID_7137,-138.1045241481033
VID_22579,501.1028566325612
VID_21681,12062.305189964658
VID_2911,1198.9998035080346
VID_23348,9005.919174049857
VID_15619,2717.979334312867
VID_10327,-30.80967948134928
VID_13590,-30.80967948134928
VID_9793,517.498922528387
VID_22698,-30.80967948134928
VID_2798,-145.48315182903363
VID_15022,1222.0169040557512
VID_23502,3587.8707744432745
VID_865,2392.597681878905
VID_12126,124.84179478478674
VID_10439,131.14238134496156
VID_3103,176.24698884615609
VID_10764,-267.2722269011233
VID_20169,157.02536638800146
VID_20766,-231.71609986460382
VID_20512,632.3614980290547
VID_21472,23.330204549865265
VID_18887,-49.42602671181306
VID_922,87.13677078456173
VID_21984,5954.114206070681
VID_16563,9480.070960338573
VID_16788,-227.60308303674825
VID_17778,-30.80967948134928
VID_1904,489.7965165392016
VID_928,-20.759291914648934
VID_12845,-30.80967948134928
VID_6422,-1.506891720636545
VID_10221,8720.623399185488
VID_15977,-30.80967948134928
VID_21774,1270.281436423518
VID_19891,213.39261499993202
VID_23519,2405.7165021654005
VID_9823,6280.664528764667
VID_17541,102.11899674517922
VID_15111,4108.90016711057
VID_19743,453.0583875063135
VID_5621,457.7900567085146
VID_7492,-330.0949124184021
VID_4974,-30.80967948134928
VID_3104,278.69749347088185
VID_22084,437.13661504528824
VID_8234,365.28037242050146
VID_13324,1367.1563091580927
VID_18874,-182.78334841309422
VID_12753,367.1403524145083
VID_3226,-30.80967948134928
VID_5911,6567.773840165218
VID_18670,3595.945404858326
VID_13918,-66.70065147032547
VID_22137,-21.7507731201506
VID_5582,5842.717561273511
VID_17134,1344.9026725379092
VID_6065,-207.7746260472911
VID_7714,12887.613836679458
VID_19758,-30.80967948134928
VID_5181,5732.039044426372
VID_11772,-30.80967948134928
VID_10293,-30.80967948134928
VID_18907,2904.6215259444325
VID_11238,681.3990874097503
VID_9684,-19.929783503722437
VID_14439,412.3465107176308
VID_3502,-30.80967948134928
VID_4648,812.8354702947714
VID_13653,12298.77751251625
VID_7319,2370.9706917766935
VID_22221,276.7608059978516
VID_10521,1534.957389471157
VID_23193,718.9381512394662
VID_9209,-420.1426517671412
VID_386,-30.80967948134928
VID_41,926.9679529713311
VID_4129,-30.80967948134928
VID_1323,199.49521052113542
VID_19618,4424.064932588542
VID_6806,5358.713283417503
VID_5608,-172.09020953862702
VID_8789,4141.417448406769
VID_16467,902.7695221811521
VID_3723,-22.495642416493716
VID_4399,-297.34640134978
VID_259,106.63414201514938
VID_17597,7055.159050830513
VID_21110,-27.2825316305832
VID_293,288.5647597194309
VID_22872,-30.80967948134928
VID_3543,-30.80967948134928
VID_17344,4929.9641901637415
VID_2219,458.1342867807718
VID_4004,-3.499192175499482
VID_4449,-22.36960170803724
VID_3243,-30.80967948134928
VID_11767,-0.3673137642831885
VID_19467,56.76622939072562
VID_16918,-30.80967948134928
VID_8455,2566.0486596461774
VID_20744,-30.80967948134928
VID_20358,8883.905209666202
VID_23417,2039.526768134943
VID_4859,-30.80967948134928
VID_21291,-20.330368140005938
VID_2742,-30.80967948134928
VID_932,3796.465987295963
VID_4665,2880.9247185540953
VID_1931,-423.4840099136578
VID_834,341.6469648062902
VID_16455,-26.77943015513264
VID_18695,5897.31227568593
VID_12570,553.1171685602804
VID_3363,-265.7976924076941
VID_1429,3345.1201679821297
VID_23147,4535.54333798465
VID_370,98.89239163375329
VID_8257,634.8988966532083
VID_14746,992.1002308242156
VID_12892,6944.318532443143
VID_9440,820.0742350620882
VID_6662,-0.40028477576910104
VID_2439,4492.603926031316
VID_18596,0.6978568951385928
VID_5669,-20.108372928153063
VID_20658,130.11451637055424
VID_5661,-22.23032031334033
VID_19314,36.05130561272316
VID_21996,650.8130221825454
VID_4895,-254.4493490658742
VID_17999,1024.0969526010797
VID_1786,4201.694887436273
VID_23173,346.0112712724552
VID_7943,-21.890904028778753
VID_12577,3198.8844086728836
VID_17318,35.85916680235094
VID_21978,5503.167757307475
VID_11917,3046.29910628429
VID_7819,-30.80967948134928
VID_16076,-30.80967948134928
VID_1612,7616.9027399306215
VID_17300,-19.983688209856265
VID_19434,-97.91026079563058
VID_5088,6202.790592066594
VID_21732,-20.16512273484348
VID_12730,764.7177338495522
VID_1460,6899.104794072959
VID_17895,86.8032231725238
VID_16178,-30.80967948134928
VID_22430,-30.80967948134928
VID_12248,2787.504235669024
VID_18022,1534.8821083917376
VID_3374,-30.80967948134928
VID_3356,-30.80967948134928
VID_23558,572.4429227964226
VID_21886,1638.6804739730107
VID_12680,29.852176217177863
VID_5318,728.1860130703108
VID_18729,856.7620995571127
VID_3743,-20.544479327435965
VID_22340,4530.294947948921
VID_7883,-314.02203060626124
VID_14571,82.10096144604788
VID_20046,-21.30079746963189
VID_14313,-30.80967948134928
VID_19082,-34.86655372232618
VID_11669,-30.80967948134928
VID_2403,30.584978313298656
VID_7712,14854.587207151304
VID_18609,5574.93694201009
VID_11421,1111.1037399024622
VID_17566,-30.80967948134928
VID_18756,1074.399226161994
VID_4247,3364.169121951086
VID_873,1356.5109465285088
VID_5746,-2.420845964083227
VID_13164,-184.58997306757303
VID_7328,341.3384089191598
VID_12080,168.5711695055645
VID_6225,-30.80967948134928
VID_21762,48900.54830583416
VID_7152,4679.582337214457
VID_18531,2116.127170074919
VID_13933,165.16435721534143
VID_20645,-2.664175401142493
VID_7912,51.35203755528617
VID_3764,-260.3791907916222
VID_1419,527.3550219811464
VID_10266,11638.585801799194
VID_17267,8540.781379734886
VID_17708,-25.598846203465968
VID_14260,8640.214316417641
VID_22827,1806.9619549886522
VID_15849,-30.80967948134928
VID_6295,-20.392549852889534
VID_4035,9071.494166933555
VID_15408,3511.0603759149903
VID_17222,1320.0761139442811
VID_6272,142.63315267631995
VID_11058,996.6275857058267
VID_7933,-139.97246359916716
VID_10786,6810.252411836114
VID_15374,733.5060069710951
VID_19008,418.0595921999466
VID_2844,5.825591686298758
VID_12873,4219.092326737846
VID_1355,163.75053679439443
VID_19948,-19.9290386493699
VID_13963,3340.935076592184
VID_21011,1361.702001165526
VID_21482,-20.010404181589045
VID_21047,2905.0021531783764
VID_4720,2776.233388343711
VID_22653,450.497399962713
VID_17703,-269.63916629016256
VID_13037,-30.80967948134928
VID_18144,4994.542662831419
VID_23720,762.5975871386429
VID_15700,38.976673581270184
VID_2508,5118.452818474632
VID_22904,-2.1431726718348822
VID_17530,533.2827577126329
VID_18410,8094.802563675621
VID_1699,151.62912198754233
VID_13566,3867.2332568369284
VID_8420,-30.80967948134928
VID_11889,7974.4108589621355
VID_895,823.9471333547965
VID_3134,-30.80967948134928
VID_10710,4784.744675808883
VID_4238,-20.309918443980308
VID_11849,1222.8857732053
VID_2588,828.505638123931
VID_6522,907.5964742106391
VID_12950,13210.610123890023
VID_11709,-188.24502509418105
VID_16269,2288.4618224937176
VID_364,3036.708651155767
VID_2644,1853.2213190113516
VID_23659,-25.585473753890902
VID_2730,5232.744811763378
VID_1454,17687.251395257044
VID_2825,-64.41745575136441
VID_20225,42.81009690461419
VID_1489,7666.9549492963615
VID_23715,1830.5426459596003
VID_12821,421.88007866155164
VID_11847,3425.587737347228
VID_7640,1207.8633981648597
VID_19332,-30.80967948134928
VID_5762,6681.645243992418
VID_20998,302.6630745182551
VID_11454,245.13338910567907
VID_17762,-30.80967948134928
VID_691,-244.64381191240133
VID_21981,3467.465330396373
VID_14040,117.38503508546505
VID_5138,2217.2019631691633
VID_2373,1045.1502684104614
VID_6714,-158.21948442031126
VID_19344,-30.80967948134928
VID_6267,965.8435236475967
VID_7897,-21.91067768718634
VID_13511,-223.57004656657713
VID_6917,-18.836590209847092
VID_3310,-30.80967948134928
VID_14906,1619.823012791209
VID_7881,-30.80967948134928
VID_13142,-84.79756703421977
VID_15795,299.137136645338
VID_18665,2461.53597166865
VID_2431,1955.7817474010478
VID_13625,13554.605156619535
VID_2025,147.44012355203105
VID_1001,1339.3984752908977
VID_3076,259.85916779631634
VID_16999,665.4817625308626
VID_22546,629.7833137518187
VID_22344,3440.258281486073
VID_20339,1275.7101616435882
VID_504,103.64724727777248
VID_17790,6540.34219648193
VID_3641,1841.1648595958468
VID_18275,95.74336906549051
VID_14821,-30.80967948134928
VID_1580,2748.3901762685705
VID_9979,1241.5026016434992
VID_21425,-21.882453857579794
VID_6419,-239.49123052907427
VID_6374,-20.57825743325739
VID_23257,561.4867180133725
VID_6998,-30.80967948134928
VID_8926,2449.4719413830703
VID_4243,-30.80967948134928
VID_14086,-30.80967948134928
VID_22645,4839.276530434621
VID_21879,18325.10298105027
VID_9573,8446.479152910135
VID_1998,-21.05206758826809
VID_14137,-423.11713555167756
VID_7136,846.7815981933215
VID_9981,377.6966620548166
VID_11657,2697.5830701563627
VID_7110,267.21487341185247
VID_21099,398.5799326175755
VID_1543,4565.901829265102
VID_5706,-30.80967948134928
VID_23139,11090.342194204535
VID_5755,964.9189203017407
VID_13994,-30.80967948134928
VID_11854,1207.0805972601677
VID_18964,340.95413629878846
VID_14089,-8.811278511382064
VID_1725,8533.8637042109
VID_14435,-12.08179417838346
VID_13519,249.9395943521893
VID_6687,-147.56507343197612
VID_992,3114.9591737375704
VID_13255,85.89971382565399
VID_8720,2989.471729996752
VID_22967,681.7435168998234
VID_21862,833.6525428255336
VID_1011,1290.60129153823
VID_18429,-25.80946061597753
VID_19556,3506.6519791942214
VID_11414,25.837512123871797
VID_4631,3026.45904021996
VID_886,629.760635133353
VID_18079,-20.498347889400314
VID_16482,486.16550521355015
VID_23628,1129.3949994574762
VID_2940,-16.305188365757857
VID_22096,572.9028372665609
VID_18014,-20.62311177108011
VID_8405,-30.80967948134928
VID_7807,-30.80967948134928
VID_12928,5965.055653784559
VID_23436,762.5106953484203
VID_2351,3249.0046170273604
VID_22593,6673.189496485587
VID_10735,10234.912739859712
VID_9377,-16.83114831886538
VID_12438,1338.5913163881758
VID_20892,-30.80967948134928
VID_1087,14021.719896355982
VID_5149,4481.791815345667
VID_1085,195.94820866195803
VID_16895,-330.7371888653877
VID_10319,-30.80967948134928
VID_4222,38.2475728137998
VID_13244,3123.9653056252564
VID_14100,1783.8368731161454
VID_4217,-30.80967948134928
VID_10197,-25.902436076149158
VID_3220,-30.80967948134928
VID_13107,11.271288223925048
VID_6301,-19.91222517836384
VID_15202,202.31942797727197
VID_8263,256.48332624493895
VID_10766,-30.80967948134928
VID_6885,363.61652149383764
VID_8141,-20.825398529061133
VID_20428,-26.654614380220384
VID_14824,-30.80967948134928
VID_7651,881.8937702293393
VID_10878,278.75463910420774
VID_4263,2407.1051419646296
VID_9922,-20.84927962368032
VID_6475,-259.13617897755137
VID_15557,-10.8926873158747
VID_17806,2177.1822711765326
VID_17324,-18.594356619899905
VID_19027,478.0674648251591
VID_21128,-30.80967948134928
VID_3196,-294.252325149971
VID_9196,1876.831849703835
VID_17497,-30.80967948134928
VID_11413,753.443945902204
VID_10917,1413.6370392100318
VID_22606,-53.45147365760814
VID_9824,123.13009553349552
VID_23286,426.76116541815446
VID_9752,1502.950842638573
VID_13761,4623.227557053473
VID_21939,-30.80967948134928
VID_535,-21.111076341578627
VID_23444,61.00640382040764
VID_1499,9550.553178302202
VID_5034,4315.034694112617
VID_9413,3615.344836696767
VID_6244,-30.80967948134928
VID_23106,109.60576761592664
VID_19719,7424.860594565704
VID_4412,-77.48472734431223
VID_18926,392.25176022334
VID_23637,2379.9627596404644
VID_18666,2032.8446739280005
VID_21005,2503.0083213030207
VID_18951,686.7326927685519
VID_9165,2688.3124184016965
VID_3715,213.48839626528823
VID_10362,649.1637620164722
VID_2231,-373.32417156227683
VID_9123,4247.556129333117
VID_577,2589.266499497359
VID_11922,11098.264565384194
VID_11881,4334.327749640999
VID_21127,-30.80967948134928
VID_14805,5507.273714491542
VID_19323,-268.6224824054962
VID_10125,4997.536745659589
VID_1717,-30.80967948134928
VID_1819,61.31788153274315
VID_1609,1472.3083676311974
VID_18343,3099.631220326028
VID_4800,-30.80967948134928
VID_4740,-30.80967948134928
VID_6502,525.3231776729504
VID_9232,5939.521248241504
VID_13675,-440.8112754169172
VID_2567,-42.28628640761148
VID_3546,-30.80967948134928
VID_23743,8730.89426450057
VID_23270,-164.80153702040442
VID_12998,-185.37577253318506
VID_21509,-30.80967948134928
VID_3602,2898.279775800865
VID_21989,6617.512987760668
VID_5159,2728.5323622176134
VID_20289,118.21264472234616
VID_7900,-25.132731333777368
VID_3558,-161.8170458006614
VID_1764,1795.865092997474
VID_13204,3131.326663576307
VID_5433,2259.9124864551286
VID_12037,4494.357419099974
VID_19320,-5.0002894456469775
VID_437,3492.4045243659807
VID_17153,656.036630646269
VID_2276,364.47384491455557
VID_8949,6295.690866846035
VID_16265,1522.1471445690602
VID_4154,-30.80967948134928
VID_10593,-30.80967948134928
VID_10169,5493.427265555708
VID_7906,4377.491184843346
VID_6160,-21.818224080813742
VID_13735,9365.204134989941
VID_20644,-181.4557786535499
VID_22389,622.690052846743
VID_18986,3540.686402031864
VID_20038,590.7539304778754
VID_8929,1114.7370118587423
VID_20100,1488.8747812580275
VID_22080,41.00246541350865
VID_2332,126.90453624356842
VID_20975,-30.80967948134928
VID_10824,5596.433153182869
VID_15323,774.3039011434221
VID_20227,79.89997497646259
VID_9309,1205.9402098834341
VID_23675,2234.683005325981
VID_7155,7448.274146187688
VID_2486,36.780907767343464
VID_16861,-304.98721961389157
VID_8262,190.84801002027666
VID_23488,5978.8629162331035
VID_7263,-43.724981358510604
VID_20886,-30.80967948134928
VID_9753,256.06664581448587
VID_8774,-25.361483315504223
VID_17309,-154.18718855175004
VID_5337,-20.190338214735277
VID_3417,-208.24139102045748
VID_8173,-30.80967948134928
VID_22302,-292.44079609339445
VID_19169,-255.63569313065952
VID_1565,1025.32539860752
VID_6686,-20.5609436280305
VID_15440,2119.056597051444
VID_1331,5684.10217513436
VID_19093,-129.2034596713171
VID_10763,-27.561602872898114
VID_9601,-20.339085144710076
VID_15982,-87.98272596661788
VID_3000,3283.584035174125
VID_1963,-30.80967948134928
VID_9075,-250.7610140781289
VID_16285,485.33268177981637
VID_19832,47.42875914591446
VID_21280,-30.80967948134928
VID_2264,-30.80967948134928
VID_14929,607.4653637708714
VID_15811,-30.80967948134928
VID_22700,4642.998376846741
VID_20594,-79.7807906598136
VID_15193,224.10924652474512
VID_7700,10245.694358613517
VID_2820,-30.80967948134928
VID_812,12.746637458481963
VID_11751,955.5098332960036
VID_22881,840.0690924369512
VID_958,4420.055200582541
VID_17729,52.46610190707944
VID_11596,8507.738102735077
VID_19325,-30.80967948134928
VID_2190,396.29381491698354
VID_13073,-72.5626014383043
VID_6840,1302.124614590608
VID_12225,3668.7310860272732
VID_5837,6839.130749506838
VID_18859,633.2505316943756
VID_3769,-187.83198832061174
VID_2115,3199.6806354433797
VID_3746,-23.839273287133814
VID_4813,143.74830222599215
VID_17143,2605.456123568634
VID_8066,-21.024887091531347
VID_17772,-30.80967948134928
VID_10821,4666.7648288890805
VID_10238,6552.764492771308
VID_5016,1882.4219185280253
VID_19825,-40.92860042979357
VID_23632,-19.9757721403817
VID_22367,59065.05733387721
VID_19159,-2.5186277065614635
VID_5258,2195.18067910971
VID_2447,252.53991632815325
VID_2285,915.3191360983187
VID_9562,3110.6236321496176
VID_8430,1853.3788784071382
VID_20007,-30.80967948134928
VID_12308,7856.618712640553
VID_4198,-30.80967948134928
VID_17417,-30.80967948134928
VID_16302,1946.9321848455684
VID_14813,250.12751496151853
VID_17865,-28.193124501502943
VID_16200,-30.80967948134928
VID_2072,-23.74818200386805
VID_9596,3529.6511304338874
VID_6098,361.30771741928976
VID_17429,-353.607939849568
VID_21895,473.3444198412772
VID_9835,92.79791610239276
VID_10989,5529.241025820679
VID_2035,7993.697746094353
VID_12355,395.13624408523657
VID_12657,-15.010563930865164
VID_19220,-19.40761059149422
VID_19275,1028.771188948024
VID_19369,-302.8577968894046
VID_18225,1384.5471633647905
VID_9897,939.0452754593102
VID_10933,9987.67139474372
VID_12062,3223.997855084102
VID_3268,-206.32298277089902
VID_2127,4841.043172875193
VID_1366,377.4239136725449
VID_798,6304.996267781132
VID_11037,5886.615877203591
VID_8945,1059.8935958409813
VID_17210,1461.6882311728573
VID_6112,-27.147360358651568
VID_22798,780.284425206645
VID_19582,-20.460753517151424
VID_1276,6243.493896839852
VID_19072,5321.809052285419
VID_4995,-30.80967948134928
VID_14521,-19.66155524378658
VID_6580,1867.9286854024092
VID_7648,-30.80967948134928
VID_13218,974.5306343742734
VID_12709,5042.465091753054
VID_4152,6289.124597285878
VID_5017,680.8116068857801
VID_12246,-31.19283457765696
VID_3971,-30.80967948134928
VID_388,3670.517104359731
VID_303,1838.80189820859
VID_18386,-135.9044210859317
VID_8321,42.560600494197544
VID_761,4931.203776497481
VID_6250,128.34192572902842
VID_3051,-354.9458673585438
VID_8930,745.6904606860851
VID_23327,310.4809012689694
VID_10395,820.2818735398286
VID_6038,272.8580436651612
VID_15890,3947.5804909736285
VID_13023,-97.91682192104398
VID_15120,23761.68717156229
VID_11617,4364.456800205802
VID_18165,-19.537328003370895
VID_5280,-146.17493544149437
VID_5648,-153.86018326216353
VID_10782,554.7536993590488
VID_21087,-30.80967948134928
VID_21352,94.72367404729063
VID_9585,1382.5647641981182
VID_6821,884.6626308464838
VID_15087,10783.372629167297
VID_19654,1210.0818163455356
VID_10413,-30.80967948134928
VID_22027,-89.66560405759911
VID_5081,899.4668173958796
VID_6452,-30.80967948134928
VID_16047,-30.80967948134928
VID_14887,614.7646984112148
VID_12293,4009.707050317797
VID_10093,1006.6173235074991
VID_12852,-33.82241876232907
VID_2498,-298.5219485455833
VID_7027,-30.80967948134928
VID_2493,782.9004181630736
VID_21706,4844.364569669475
VID_14603,1893.5291380170586
VID_5878,4651.0449959523785
VID_965,695.9290507836602
VID_9432,426.9156169177102
VID_9060,-30.80967948134928
VID_6273,597.1151438877274
VID_20500,-211.98280465811465
VID_18347,3432.0216835672613
VID_12503,-78.88466289550713
VID_19854,-32.19941382593419
VID_3007,1822.9761582905892
VID_10533,4025.719449476412
VID_7212,4395.967321488206
VID_6928,4469.398859093417
VID_10737,10.432121287319962
VID_11747,1000.9777189975008
VID_7988,9437.90663753903
VID_8302,153.47794623226335
VID_13951,-410.82712250271555
VID_6027,-107.44433163094239
VID_15919,-97.54736478394521
VID_14027,933.4766065850569
VID_3261,-120.1209205214842
VID_4875,155.90702089122505
VID_13573,474.46439581474584
VID_22534,534.5265507184024
VID_11699,877.6500543880304
VID_9756,1346.3179869453008
VID_18923,75.74449684194546
VID_14146,488.65069478354434
VID_7005,-30.80967948134928
VID_17570,132.77789327306087
VID_10623,302.53484937813266
VID_20406,243.91957677181543
VID_9855,7153.750895763708
VID_4293,1134.1037937606952
VID_16121,-22.151950149194985
VID_6836,2767.992331550395
VID_21469,-30.80967948134928
VID_4587,89.71436671794677
VID_15753,-30.80967948134928
VID_19328,-30.80967948134928
VID_6206,-30.80967948134928
VID_14693,273.5189899342302
VID_2621,-223.24940169152816
VID_6674,31.798144564661946
VID_6064,112.02365901945701
VID_1561,4124.171381397289
VID_20424,-30.80967948134928
VID_1743,3985.2121705354425
VID_634,-30.04733608914852
VID_3729,2196.516420877463
VID_14834,-60.291469159666995
VID_1112,10514.922122193699
VID_12556,-30.80967948134928
VID_17801,2620.8279823120233
VID_15945,-30.80967948134928
VID_22283,2532.4828940490675
VID_20449,-30.80967948134928
VID_19298,629.9980933949821
VID_13682,2411.380866077946
VID_22045,22.417142283853572
VID_22228,194.82870708144586
VID_10447,-30.80967948134928
VID_10550,7185.0358242881985
VID_16309,2288.474130749931
VID_14611,10661.044329293996
VID_10091,4088.0209315713696
VID_4195,-30.80967948134928
VID_21884,939.2729316429932
VID_2200,21.28809007528698
VID_14959,-30.80967948134928
VID_22060,114.32771059515544
VID_3760,-332.49794736514497
VID_5295,7320.607979038979
VID_15783,831.2831742295427
VID_17910,1204.6463214724695
VID_17958,558.0273135918022
VID_18047,528.5043274866636
VID_20926,-9.490642703870229
VID_3731,-169.3329860047995
VID_994,1903.1833904939533
VID_13333,1106.9276791053887
VID_8368,-30.80967948134928
VID_5073,9917.07506436409
VID_20503,2466.895346767187
VID_10522,3619.528044626677
VID_19652,829.9440310904246
VID_4881,40.470322591677395
VID_18340,3377.749787487461
VID_10149,-30.80967948134928
VID_5158,10649.313244031018
VID_18273,240.19129535694267
VID_13454,1354.4724166012686
VID_13681,1382.5642907037093
VID_19689,2468.396082257527
VID_21289,273.75386683374273
VID_6464,-19.985135256302065
VID_13637,13320.506359588784
VID_9351,-25.907349265262255
VID_8366,-30.80967948134928
VID_23188,137.49797050484156
VID_12067,-4.080629391589881
VID_8565,4333.992345528593
VID_20572,-66.65159319994449
VID_22159,-30.80967948134928
VID_19319,-30.80967948134928
VID_12375,879.9314713961138
VID_17832,3782.7072320085595
VID_7709,17815.00065303988
VID_7814,-30.80967948134928
VID_14806,5274.309246315359
VID_19850,152.68582622340355
VID_243,42.50576652313782
VID_15442,2449.3202641080147
VID_7036,-30.80967948134928
VID_380,3897.330391293097
VID_15738,-30.80967948134928
VID_6106,309.72968910603475
VID_13875,6541.771202942964
VID_7114,2605.3727225359885
VID_21784,-30.80967948134928
VID_18238,579.6058841629599
VID_2632,-10.438794407066275
VID_13335,3878.379943809914
VID_11278,6976.735693469285
VID_20865,778.8025123843196
VID_5590,-208.38797037667254
VID_10834,2206.920668596537
VID_14776,310.47910868644766
VID_14535,2533.7939689733635
VID_20753,-10.140240671890284
VID_11716,5464.880697822307
VID_6442,-12.50897940031485
VID_14855,-343.638806152986
VID_5618,3028.377595736373
VID_15705,-30.80967948134928
VID_21268,-236.3713424364805
VID_6719,-218.10490461360652
VID_12439,3275.8538167649513
VID_19495,-30.80967948134928
VID_1413,3984.6463168821933
VID_19700,226.06735010160358
VID_18724,947.2406704672444
VID_20607,2223.797407050591
VID_67,2589.627841102688
VID_17220,2314.155054639388
VID_5923,720.0163591793264
VID_15913,17841.95579305252
VID_16408,398.287088422979
VID_16364,6755.6044752524585
VID_16933,4666.428362870363
VID_15529,-30.80967948134928
VID_11148,421.9908895365084
VID_12324,1782.1852530269518
VID_5617,868.8812023431939
VID_7904,-268.8440414304677
VID_16263,1850.2475721365947
VID_12364,612.7979174070875
VID_12538,-20.284041436304005
VID_22150,-20.350475279929647
VID_3643,-30.80967948134928
VID_1672,4042.3041572502057
VID_12028,-239.15995668664797
VID_9769,733.0928823109234
VID_5028,6254.071935851267
VID_15031,434.4504113774818
VID_4006,1198.6206997402041
VID_13135,350.42028805822275
VID_17048,-30.80967948134928
VID_13862,5062.569168729883
VID_22781,9137.444947377204
VID_4286,1950.7087263596554
VID_15754,-268.3194447982973
VID_6118,-350.44745602889265
VID_12929,11876.747885461355
VID_20172,171.41886554603323
VID_12981,5421.798511758643
VID_19861,180.5443780700921
VID_23691,8202.902105971207
VID_6638,618.851502683196
VID_8177,-30.80967948134928
VID_15137,-19.502041358119623
VID_10369,-30.80967948134928
VID_18888,-33.24093996093005
VID_968,784.8420247206219
VID_15157,2984.322971527514
VID_23693,6153.6145017993695
VID_14298,639.2175607813728
VID_20552,-71.7139661617132
VID_9109,273.3065269673917
VID_3272,-316.82228615579135
VID_19926,-61.86668917013545
VID_5432,-22.177785678089485
VID_19362,-61.69967517808956
VID_2721,9564.100892064947
VID_11957,5007.296132245401
VID_8323,461.26801554135756
VID_645,828.2852391988533
VID_2783,-250.0178017307663
VID_13684,1185.811735363886
VID_18745,605.5050062963285
VID_2193,4152.766573233383
VID_19488,-38.436536168672816
VID_6168,-253.65165071650662
VID_21456,41.551821932753164
VID_7573,8686.018339200451
VID_20065,592.0446710909089
VID_11804,-30.80967948134928
VID_15866,38.6372457942687
VID_13110,-92.90334731931416
VID_7220,5157.588901722846
VID_16965,1330.145083019124
VID_20407,-103.35221034072349
VID_19807,67.0555607662768
VID_22434,35616.49179309065
VID_11886,2257.690045320621
VID_19299,4021.9108156460766
VID_2583,-17.66463727815104
VID_4770,1989.0141645949536
VID_3421,-30.80967948134928
VID_18263,538.2232883500367
VID_22062,129.14213596989637
VID_21908,695.5138231256749
VID_8584,2664.3805202934855
VID_3106,116.44318970170083
VID_7464,53.331321033342896
VID_684,72.42626940654871
VID_13709,3873.017989289964
VID_23655,3713.6101873514735
VID_8589,4950.835681193725
VID_4824,135.84473991268672
VID_12596,-205.76866761689476
VID_9452,414.40118476019285
VID_14432,-14.373650619731105
VID_7849,-30.80967948134928
VID_6822,556.0931972384615
VID_392,234.7209874018179
VID_12777,-30.80967948134928
VID_13616,1689.0038738563505
VID_15792,90.05305999096178
VID_11060,6081.263055147774
VID_18182,565.6924053725896
VID_12237,2198.012476827804
VID_15759,-30.809679481349278
VID_15351,1693.3463801611974
VID_16436,423.89473241789284
VID_16993,3628.0930255569015
VID_15666,-267.9039092217675
VID_20082,447.3180333599881
VID_23470,1411.0677745422206
VID_15347,1336.0795923273995
VID_23453,470.15894311874655
VID_10613,669.4504718510141
VID_20155,-11.69387169805191
VID_7919,934.2288470327084
VID_289,4347.036029174847
VID_16248,1866.26319463903
VID_15023,12683.801140818741
VID_5776,6195.7940990250645
VID_7234,3502.8162911219574
VID_15841,-30.80967948134928
VID_23258,-279.61872477867536
VID_3322,-20.93570462223217
VID_3510,-30.80967948134928
VID_4057,5654.73802570148
VID_8683,-22.406964373262817
VID_12924,1029.394846821495
VID_19014,3289.2587044742213
VID_4319,10364.278751662945
VID_9574,8711.759135470082
VID_4942,-188.9747473466017
VID_12485,173.0443814668595
VID_18915,2346.641092939889
VID_23465,1649.2389141637416
VID_5395,6242.5492692523785
VID_4252,-21.18222680862559
VID_18134,724.9086318883969
VID_4898,-19.879145230054466
VID_21615,-13.53014384354443
VID_9433,859.0351425608202
VID_2216,-14.437502155894256
VID_17785,4172.276768210411
VID_17327,1060.5660858911215
VID_20818,-20.32170739904324
VID_7475,-447.2976362405055
VID_20723,5549.491507463854
VID_22157,-182.35457399939037
VID_7481,-167.2830684595501
VID_7159,5523.432760824913
VID_16515,6624.708383434132
VID_274,5695.437822914708
VID_14701,1177.0118500350925
VID_20123,-78.3889944383622
VID_4368,6783.092094388469
VID_4574,5291.303109226287
VID_1576,9111.376954114981
VID_11992,4260.783203267243
VID_19868,192.9388496734089
VID_8342,243.64132595793234
VID_22655,496.0783315992729
VID_20712,-33.190408416080054
VID_9138,1994.6556046386238
VID_7699,10595.729002290027
VID_8951,2567.7197872706593
VID_1392,-415.6924446669679
VID_14808,38710.1202246163
VID_8128,-108.94957088468736
VID_18170,261.7109353113962
VID_8311,286.9153340437925
VID_14550,7341.1319349524
VID_4758,-521.4367591723266
VID_6557,943.4943882026455
VID_9116,-30.80967948134928
VID_14788,228.31268737906888
VID_10195,15150.04452188419
VID_23618,7361.342986134509
VID_5136,9957.639442848304
VID_12134,-20.206303030707424
VID_17456,165.5175618901283
VID_9063,-30.80967948134928
VID_16340,3539.324864630327
VID_17438,5987.560388305694
VID_1902,1160.859452896609
VID_14458,-30.80967948134928
VID_17375,5881.6562649986245
VID_10451,-142.8478799642203
VID_7080,-30.80967948134928
VID_3016,6141.078869967953
VID_6470,261.066502516566
VID_14853,-27.72570602631268
VID_11188,90.00126973947799
VID_22628,30.8198114716662
VID_5270,12.828115467343686
VID_21273,-26.604930048600004
VID_19242,-79.49559963804445
VID_9996,3880.5778294956494
VID_17881,86.8461730472013
VID_13545,3949.2505205143957
VID_11130,7969.049247344599
VID_23259,3021.3247677528
VID_2417,-249.0374655536542
VID_3411,-30.80967948134928
VID_3485,-30.80967948134928
VID_5738,-30.80967948134928
VID_3521,-40.26253515122786
VID_21357,9093.4641741727
VID_6801,1249.6663610760468
VID_10981,4474.980234865667
VID_19985,9018.224721054372
VID_22074,138.9032475460638
VID_6537,1012.9659108887802
VID_16778,-34.36308859737161
VID_18279,-57.13876817459387
VID_19019,2054.3172130706444
VID_11725,-30.80967948134928
VID_21493,-30.80967948134928
VID_3640,-168.70855875829406
VID_18272,725.8498889871403
VID_8331,144.7061632400644
VID_16857,-20.03834998086065
VID_9041,2873.741822498409
VID_12401,297.9618018033926
VID_18782,808.9643625513529
VID_10823,7725.597469583845
VID_14699,682.7351768139451
VID_20306,987.7125460794066
VID_5710,-30.80967948134928
VID_8172,-30.80967948134928
VID_15062,113.3469463559607
VID_9296,41.79374629213689
VID_7831,-281.48283527370546
VID_4970,0.8939388207500447
VID_9255,-4.687677903677432
VID_23467,1661.5983289815306
VID_16581,9583.38785159911
VID_12488,200.2458525179667
VID_4011,146.4162538184485
VID_3927,-164.72931372577628
VID_5578,-177.87820783343474
VID_23153,2785.9043755844687
VID_12895,-72.90222547707391
VID_13203,229.69331737545207
VID_5749,95.53611372871381
VID_200,-293.2506038122283
VID_4163,2215.8868799554493
VID_17426,-10.885342916887303
VID_16544,-42.07135308398824
VID_2305,70.34975594477031
VID_553,2420.535116490559
VID_9506,4924.2994121585125
VID_6496,401.1749775573017
VID_5699,-20.969809262611236
VID_16734,864.2863072293635
VID_14600,906.8100056442493
VID_15112,384.53109655283714
VID_16954,-30.80967948134928
VID_18478,927.8379404668192
VID_19389,-30.80967948134928
VID_1348,1211.6912608141174
VID_1000,1350.413788829326
VID_16959,6478.179077470104
VID_23681,4881.397346741617
VID_14417,-78.64609664028289
VID_10784,12482.375026165199
VID_8487,11227.974677103452
VID_17040,53.79816709370691
VID_16396,-131.33908498200535
VID_15957,-30.80967948134928
VID_22207,-116.47650865250189
VID_17528,114.96929729058424
VID_15385,1738.1732515959925
VID_16682,2569.924872036068
VID_661,6030.065035800477
VID_13687,3430.2696070164698
VID_1438,25892.728701191627
VID_13332,544.8068194732109
VID_14000,357.42135327108844
VID_7402,-313.01186962319997
VID_21416,2043.503141708721
VID_1396,302.9206000259226
VID_2133,4556.264547700892
VID_3603,2409.57193551847
VID_10454,440.0277675852048
VID_491,-30.80967948134928
VID_4490,4586.84951443376
VID_15588,7340.682187549111
VID_13366,4094.000536537337
VID_8288,118.22689276831197
VID_21621,71.21470368651309
VID_19232,465.4748998618505
VID_20718,-20.566170278980948
VID_5949,774.9143032118945
VID_16403,190.71154659221153
VID_7954,352.9543731003351
VID_441,487.2159172875312
VID_12114,376.04011870699406
VID_8224,1158.436301850278
VID_2998,588.0377345013379
VID_2676,3309.031305288012
VID_678,2129.9800971657946
VID_16659,1192.3198695887172
VID_1294,4914.564710337159
VID_7624,-30.80967948134928
VID_1277,-24.47055293581235
VID_9726,436.90012498232585
VID_13732,5249.087315615641
VID_983,3257.365152692676
VID_18556,443.52780643295733
VID_6037,-21.600655442388472
VID_19550,5100.856512115219
VID_7145,5302.861072993543
VID_8906,1084.3934492666888
VID_16583,-30.80967948134928
VID_5260,93.18498270152274
VID_15014,21.288751510337796
VID_14318,8098.180542753347
VID_12522,27.466771233099543
VID_5197,-30.80967948134928
VID_22396,5967.063814408213
VID_3252,-373.36603046898506
VID_23438,188.04746193896042
VID_16127,808.8350140929839
VID_13860,4180.91381767317
VID_13887,-20.977470220050733
VID_4865,-19.896573714758855
VID_15670,-30.80967948134928
VID_7894,-30.80967948134928
VID_18048,662.7450740434348
VID_4307,-22.964887591774932
VID_9349,-70.38577051479224
VID_16991,621.9688866579332
VID_17464,-30.80967948134928
VID_9923,-117.97021310537059
VID_11287,-30.80967948134928
VID_18502,778.6006717150176
VID_23104,1462.5457229491915
VID_13868,2537.938413034985
VID_14374,-20.898661000900077
VID_5205,-30.80967948134928
VID_18728,7339.980861633054
VID_23329,619.4876353054278
VID_16284,10020.531859085626
VID_14059,-30.80967948134928
VID_17475,6095.153311697151
VID_389,-14.93976226092629
VID_15706,-30.80967948134928
VID_11844,341.05592820709563
VID_15446,-30.80967948134928
VID_6039,49.74467940578064
VID_6987,-30.80967948134928
VID_3855,-30.80967948134928
VID_18012,303.7655715905793
VID_21988,3339.9064031365137
VID_19605,-23.55847701606441
VID_18707,7214.7386959613505
VID_21831,101.43795516993195
VID_19381,-30.80967948134928
VID_272,4149.923681142922
VID_1906,5284.267137935414
VID_7930,-30.80967948134928
VID_2631,6305.397735136259
VID_14335,3476.5830349735925
VID_19046,6433.7603350357385
VID_9053,-30.80967948134928
VID_15414,4605.224835860339
VID_10692,5573.355234684386
VID_2308,129.5186669081922
VID_11872,2515.9058003924915
VID_13889,8842.694861777125
VID_23727,-17.450687433352186
VID_1251,20204.805567417337
VID_6245,-315.71757804072917
VID_20914,8657.456261890518
VID_6957,1596.515472908114
VID_7865,-30.80967948134928
VID_13304,528.0034617352355
VID_11512,1026.425387276624
VID_12553,147.42016587785932
VID_10134,-30.80967948134928
VID_1632,2076.310346209624
VID_22907,2106.203050591797
VID_10816,3591.3620555142847
VID_6698,-310.23762740262754
VID_19970,1979.170038167407
VID_8792,-246.87955374940904
VID_2040,-36.7552448140432
VID_20399,1116.5828663364189
VID_13412,6965.712236507739
VID_7928,72.35196064765434
VID_16061,-30.80967948134928
VID_13418,9851.01110585971
VID_19961,5992.92567085771
VID_11194,-194.7296483283421
VID_4489,-22.700226222976504
VID_3876,14.02306646882466
VID_12616,2515.499015657785
VID_11483,420.6391342824175
VID_9194,-140.81279021536858
VID_7765,-30.80967948134928
VID_18780,1215.025813412074
VID_1267,5763.746555626679
VID_13432,7902.350698911387
VID_13302,3166.3195829507495
VID_19884,113.10349000513229
VID_1695,-12.417802678401504
VID_7157,2264.5249614025324
VID_20876,910.8319081383459
VID_9035,482.0866586952565
VID_4313,1860.316014088485
VID_12180,2374.3609622913114
VID_1759,6520.814805281909
VID_21186,2389.874931500943
VID_4989,-20.240255030631054
VID_17199,234.01542142479806
VID_6433,-14.508032731775069
VID_8740,4432.4763653888685
VID_1647,54.92434271373376
VID_16427,-42.32882142836643
VID_5806,259.2870211915188
VID_12554,-391.5447986896042
VID_15576,846.3341921733199
VID_20879,1283.9011292174753
VID_20580,593.3802565360181
VID_8624,762.4971470838461
VID_15575,401.1620791675182
VID_18564,349.82686740017203
VID_13483,-95.31459522443338
VID_1657,321.4913446034661
VID_1356,2811.5518748722334
VID_12108,1513.189737689842
VID_6649,1588.1446130822198
VID_18405,1742.346626199136
VID_12738,1421.8111469501102
VID_13092,2492.9782544353197
VID_14201,-30.80967948134928
VID_13706,-65.457695814408
VID_213,-30.80967948134928
VID_7224,3859.0268899714733
VID_6884,1481.4571498858356
VID_9722,328.32786138890066
VID_13780,256.03498757511744
VID_13828,3919.57522715862
VID_2817,315.3675713032126
VID_11366,2398.6497886375873
VID_4897,-202.44051350142192
VID_3523,-30.80967948134928
VID_19135,5783.845433535825
VID_14543,3988.2662681201855
VID_2061,-21.180347047702664
VID_754,5908.997826913061
VID_23602,1310.0066376261536
VID_11632,1946.744437595509
VID_14440,422.8986646007294
VID_22932,-30.80967948134928
VID_7555,1449.143096092033
VID_11213,103.22902236889176
VID_2675,4708.428429264472
VID_8293,564.5860683670965
VID_18726,6014.00154087611
VID_17484,6403.529439937033
VID_18733,8527.482194195225
VID_1059,1354.7600069041619
VID_9143,11309.433093880078
VID_14665,6701.854092514903
VID_4036,14579.78892099676
VID_3285,-20.470083065755635
VID_18901,253.67688258825447
VID_20737,-20.53215736184406
VID_944,1666.8247433705917
VID_20956,-133.7213209504241
VID_11068,19535.03038241632
VID_8123,-282.17825680858215
VID_8607,1824.4170476940205
VID_11993,348.29403698371783
VID_11216,110.06436926222186
VID_21786,-30.80967948134928
VID_12321,4114.908604139237
VID_9374,-248.73482328604743
VID_1873,628.5343008415551
VID_15341,291.3761919772558
VID_1094,5065.264590559882
VID_19489,-249.5727357267005
VID_13966,-115.16836838432364
VID_16782,-31.387845395243826
VID_11460,213.0768016637285
VID_2282,442.2038859960765
VID_18812,22.792192052287902
VID_5238,56.46358798899447
VID_12704,310.3081647101106
VID_20650,-63.30832054409504
VID_16174,-17.553581416446807
VID_14138,-30.80967948134928
VID_12719,1994.7979904362762
VID_10122,4595.643236947102
VID_14697,222.3007311009672
VID_9677,-193.00788260718022
VID_22686,182.25313586442954
VID_227,-20.940675338388203
VID_20507,987.7940045193434
VID_21682,9808.573335250629
VID_18441,34.830918766581625
VID_997,702.7036129811938
VID_12706,1698.2456084104722
VID_6173,-21.700951259397016
VID_21501,-30.80967948134928
VID_2809,-30.80967948134928
VID_569,91.58505897745027
VID_3634,8256.862434835033
VID_3499,5563.999425809108
VID_6096,50.10940976910482
VID_14238,6329.241182707201
VID_19675,140.65023606141702
VID_9330,-139.1491088140626
VID_22198,681.7336392019652
VID_12804,1.7504654683353427
VID_16080,-30.80967948134928
VID_7748,-357.8102445891349
VID_19263,306.9302815575689
VID_10277,9094.438185979785
VID_20198,167.4069572098979
VID_3822,-20.44422831088637
VID_8761,63.77616400505625
VID_6759,-184.6058783913251
VID_3481,-30.80967948134928
VID_3094,215.51700054210642
VID_16566,276.0948511973905
VID_4441,7757.553172583399
VID_3951,7488.762042870891
VID_21843,8704.479616951472
VID_23364,10016.431716004483
VID_5251,-24.066221514250326
VID_1948,5499.022547315621
VID_3991,9021.67994906948
VID_7826,-321.30753396599783
VID_13676,-30.80967948134928
VID_18637,7392.913027878922
VID_21061,1686.9736061656479
VID_6547,616.1688910392913
VID_16425,-158.0345246043869
VID_17266,-29.657471703722102
VID_19690,477.6372201783109
VID_14158,1663.61853310968
VID_602,3166.680501432918
VID_13360,-30.80967948134928
VID_17387,4780.120059642912
VID_4906,-30.80967948134928
VID_22885,-192.05347667587532
VID_23683,9782.000586656517
VID_19725,19.668716270741932
VID_22041,107.86386242451799
VID_5019,3456.6197685374104
VID_1377,-3.5570588988326644
VID_1679,4489.6649490220225
VID_9286,-30.80967948134928
VID_19304,4021.1302145457107
VID_666,1896.4909939464617
VID_10349,-30.80967948134928
VID_1774,8363.014056257907
VID_12371,-206.8028133319278
VID_4103,-30.80967948134928
VID_6527,3107.0344557881613
VID_11443,484.31944070334504
VID_15490,-30.80967948134928
VID_18734,-14.339628020238496
VID_4333,3166.6469142140672
VID_22923,439.72607526676194
VID_15571,2673.043324557594
VID_7233,19339.651670589446
VID_9733,1176.8819850280072
VID_4723,2702.710999702854
VID_14095,8137.801953820777
VID_10131,6469.59918908923
VID_4768,141.44348110621334
VID_7168,4648.103873031847
VID_18644,2743.7404019583473
VID_17176,3460.9992688552716
VID_16331,62.17926673453445
VID_9298,264.5339287757584
VID_13873,4370.506646061425
VID_13295,428.25444527992545
VID_11572,825.0891687740434
VID_10995,5732.462186042805
VID_20031,752.0879049050179
VID_14996,-30.80967948134928
VID_22893,-30.047358539619346
VID_21296,-30.80967948134928
VID_20277,887.9118299511176
VID_14778,220.80833834129297
VID_383,81.87953651322701
VID_5827,731.6020590391748
VID_7558,2428.156808349475
VID_18015,1146.3135436991324
VID_18744,-238.99353457955064
VID_16266,334.4356677369174
VID_17175,927.6249945881249
VID_17805,5159.312884280609
VID_3720,6650.991149547581
VID_20491,1682.6698361675542
VID_2711,4719.293934760392
VID_10991,6639.670865093822
VID_23563,3214.5947243004853
VID_353,1555.8980027725365
VID_23165,1736.744267751799
VID_7300,25.811451006550367
VID_6710,246.86577640595922
VID_5196,82.34823054127064
VID_3730,-106.54009729287831
VID_20785,4301.41254456092
VID_19781,-31.44940027792039
VID_10146,-176.17381282047083
VID_2518,271.2162168384211
VID_840,391.0215796144317
VID_4430,206.8517271996407
VID_16996,2020.595155568217
VID_22936,3171.5574117356223
VID_22504,13282.260551787964
VID_3750,-30.80967948134928
VID_3658,1431.787404551402
VID_22971,790.8039275814366
VID_15236,628.5307579981489
VID_22486,10928.571775343828
VID_13954,-431.08818575116953
VID_8058,-92.4071309216654
VID_663,126.34681842959758
VID_3814,-30.80967948134928
VID_9198,800.1525780818113
VID_19863,46.29895606435341
VID_13398,-30.80967948134928
VID_17862,-112.2881278335338
VID_7718,15503.290104853922
VID_15516,-30.80967948134928
VID_2296,4013.39488789896
VID_22055,145.6109627218032
VID_22459,2287.0714918526633
VID_16854,-20.926291854594172
VID_8197,-30.80967948134928
VID_21952,-126.41042488448703
VID_10129,1302.370301412988
VID_3566,3114.893337730368
VID_6817,1037.4366559268758
VID_19260,553.2218691662879
VID_20553,138.5194180728166
VID_22496,2886.5067486643115
VID_12450,-26.922110594081865
VID_14239,-20.224555030464042
VID_16804,-232.4533770339595
VID_6521,378.0881588010126
VID_5102,1408.7869827352927
VID_16722,-112.00961884328827
VID_18580,656.3635876036622
VID_4212,2476.1278423296462
VID_1783,2531.1006425945984
VID_12206,2972.0372502407786
VID_21552,2251.496232213832
VID_6166,-242.36133315924738
VID_22473,-66.92534557172344
VID_10843,1305.9273077847656
VID_7934,484.2901868974213
VID_6887,1431.8569547044376
VID_3994,466.8499752904673
VID_14111,8287.924732663783
VID_12425,1546.283759215221
VID_2705,6663.9632175376855
VID_22460,75.66579664774171
VID_21443,-100.37972980964878
VID_13458,2653.295801753301
VID_16706,1607.37394896275
VID_11203,-151.46058259829576
VID_4415,2732.649161012622
VID_14218,118.62571810560875
VID_19113,-30.80967948134928
VID_19213,-94.0335967689992
VID_19265,-48.85252737138412
VID_2584,6042.628304771955
VID_5236,1319.8607975457478
VID_1018,4785.706888852723
VID_17894,331.5927626746098
VID_9637,3472.398949812115
VID_22287,1872.125603181729
VID_13596,4744.79204046652
VID_6944,83.10934333345463
VID_2778,-303.3341327296852
VID_3200,1724.456813058264
VID_11241,8975.956251676645
VID_5901,7014.8256457756015
VID_14375,5158.456245555706
VID_99,746.9994842018559
VID_2899,6315.988723413838
VID_10190,275.76470118538685
VID_813,406.44585476298687
VID_14452,-30.80967948134928
VID_369,250.35765876048825
VID_23168,1337.9486296052353
VID_5106,4571.967025687087
VID_19011,5126.117456808347
VID_7298,735.8546706680752
VID_5681,-20.22925834092798
VID_1855,776.8142259503667
VID_21283,2428.0080231727393
VID_21379,-30.80967948134928
VID_10947,9638.543105402408
VID_17615,3446.4117198742274
VID_2087,2221.390036927335
VID_5531,-30.80967948134928
VID_22667,-320.42285826630643
VID_1296,5367.978980387434
VID_3279,-21.49569412597032
VID_649,549.9698928956943
VID_18268,-34.294372593417584
VID_19706,1196.2023467483566
VID_6399,-5.46813183640422
VID_19122,-130.80879632926778
VID_4301,36.007567349249236
VID_10984,20984.546224661084
VID_8325,-30.80967948134928
VID_16691,3465.871704538916
VID_11882,9741.745304149194
VID_11982,313.17258528776046
VID_14176,1027.42081472261
VID_3065,-22.920538160620694
VID_22455,848.3417202369694
VID_14287,2957.894657285916
VID_7854,-20.267515911299395
VID_22763,-34.985138068506046
VID_4563,-30.80967948134928
VID_15642,-39.47408284280478
VID_21317,-30.80967948134928
VID_18687,4709.164470157479
VID_18552,228.35376462154605
VID_5021,4106.804772665382
VID_3375,3180.458657290618
VID_3817,-154.73485007869564
VID_3366,-30.80967948134928
VID_8419,-30.80967948134928
VID_1735,3478.6306429692213
VID_1461,3516.248774901585
VID_2356,1893.7687209781514
VID_16448,290.1552624783156
VID_9230,3178.757191801569
VID_10289,2075.386848047981
VID_18175,472.80717847530013
VID_22061,126.42297453043584
VID_1168,6259.761994554057
VID_22928,-30.80967948134928
VID_11744,250.0425889109236
VID_11047,31421.00541479053
VID_13591,33733.817655673534
VID_14578,-57.515920042839944
VID_22622,-61.11239990550913
VID_7901,361.4062601794065
VID_23021,1385.8195645086832
VID_9038,-30.80967948134928
VID_13750,4388.737660437917
VID_6280,-22.241178078465087
VID_11461,816.3860403867388
VID_8873,517.4100719940943
VID_18990,1022.0039251843128
VID_17976,371.2388487364889
VID_16955,406.9847901663066
VID_1796,4083.6770616014524
VID_20921,995.0712555180687
VID_1317,693.5076217398611
VID_8069,8726.731281482778
VID_22468,-30.80967948134928
VID_6926,420.4246245087193
VID_4722,407.2571563325713
VID_9129,1202.7049954663353
VID_14041,219.73375651619185
VID_9932,-30.80967948134928
VID_9659,-22.324824091921432
VID_15144,391.948246517108
VID_1498,2673.733701660923
VID_16129,944.578911225963
VID_664,-257.7261606078768
VID_17580,6717.908660870981
VID_21417,2164.1030468366966
VID_13953,445.8767530506014
VID_18930,-30.80967948134928
VID_18139,5053.633918374173
VID_11415,232.56114419332815
VID_19396,416.4016771694741
VID_16697,296.04373450996655
VID_16407,2046.8309159524754
VID_9074,-30.80967948134928
VID_4666,-30.80967948134928
VID_22617,856.2966965930218
VID_1842,974.1951630874943
VID_17391,8105.498389468704
VID_2412,2309.1407080055956
VID_20615,-30.80967948134928
VID_14222,8615.22809627638
VID_9588,6683.671578846066
VID_16609,542.7205229859177
VID_17466,-153.22241310318483
VID_1888,4616.7846976438705
VID_461,-30.80967948134928
VID_15015,30.286269744056234
VID_8631,480.69284227006125
VID_14646,3437.3397215664654
VID_10770,-30.80967948134928
VID_19109,-17.89989971945771
VID_19111,400.4187015793646
VID_20186,494.06485982398425
VID_1192,6505.898927305847
VID_11722,-21.57784069087525
VID_17776,-30.80967948134928
VID_7549,2559.875418065807
VID_15395,3568.990310282177
VID_13017,-188.80291546710342
VID_16986,258.005435446778
VID_14419,458.4407391669891
VID_13921,452.4139617524194
VID_6609,830.5400566207288
VID_12878,760.6535696536678
VID_10931,2704.1091654701736
VID_17716,617.1091324831696
VID_3255,-225.01509214074738
VID_1506,9719.166968654903
VID_14618,-205.0331167384733
VID_9422,2427.0781712423636
VID_7811,-30.80967948134928
VID_6620,233.10378407822543
VID_1477,6660.5655960870145
VID_3248,-30.80967948134928
VID_3529,-30.80967948134928
VID_18772,90.39442776423702
VID_56,3401.2573517209744
VID_18839,415.3395811409587
VID_5763,92.54516685853018
VID_3368,-24.981505371536855
VID_18344,16892.55435621426
VID_23011,3065.209315605868
VID_5937,-166.4329883419486
VID_3841,999.8281674744453
VID_21398,-15.083838799347596
VID_8079,8196.599891676942
VID_15470,-30.80967948134928
VID_20276,438.1217213114515
VID_5461,456.00197490843135
VID_7124,1595.4540155698999
VID_5447,1321.969722516589
VID_1702,2039.5646154807257
VID_14723,6163.992901519125
VID_14225,-20.19941699320622
VID_16157,3471.248042190204
VID_7608,1152.7975064077084
VID_3413,-30.80967948134928
VID_10219,13580.015465209219
VID_19649,5005.527328905093
VID_21244,262.5134109606377
VID_20925,322.3336679414296
VID_3686,2090.2776387158415
VID_12169,-156.88645144272348
VID_7490,721.2751626521767
VID_19356,-35.2973426020185
VID_1329,184.9396552219284
VID_1649,77.57400816710428
VID_10314,-30.80967948134928
VID_13342,-0.8435083887024439
VID_21573,-30.80967948134928
VID_21226,225.1108725660708
VID_18968,6942.377183773246
VID_18357,3349.8093870102325
VID_11765,170.7905738902871
VID_439,2723.9110621052278
VID_23407,6476.121584570003
VID_5598,-30.80967948134928
VID_23356,2305.794560357765
VID_1278,64.24037300504563
VID_9253,107.86865790412575
VID_8203,-30.80967948134928
VID_11006,1178.0401168019262
VID_5553,240.0373722139448
VID_1677,785.8041452658887
VID_20853,9730.287145713253
VID_23581,4452.7969994124815
VID_13212,5549.565627338765
VID_13440,4712.160839940219
VID_15448,-30.80967948134928
VID_4967,-30.80967948134928
VID_21754,460.15541548205084
VID_680,1296.3292163567514
VID_12637,-206.90251796321783
VID_7914,-29.015058253965286
VID_12827,404.0936645443588
VID_122,1847.965428219834
VID_17314,-20.282584917720452
VID_8713,7023.643541058666
VID_15935,-30.80967948134928
VID_14442,72.10855828011437
VID_8070,4455.206032212685
VID_20403,-76.05183311813725
VID_17711,-30.80967948134928
VID_11615,1030.0875941379747
VID_15404,1162.2124151037322
VID_3647,-30.80967948134928
VID_12405,392.59250840448505
VID_772,257.64006996400934
VID_11452,2638.8841251915023
VID_3410,-30.80967948134928
VID_7056,-30.80967948134928
VID_20509,697.7990022182919
VID_11723,10550.719621363638
VID_5482,-20.28493740365401
VID_15694,-30.80967948134928
VID_4324,5905.353262810404
VID_1259,164.77023392094114
VID_10024,4928.684713222323
VID_22382,4166.185294461399
VID_1073,2459.0863727597875
VID_5434,-23.590213401206743
VID_14737,473.8005071122298
VID_8750,8.082228375323382
VID_15308,7514.8652665489935
VID_16420,930.9373318062253
VID_15045,453.03112884101324
VID_20064,-111.90356552360875
VID_13568,2620.650205380675
VID_2146,3749.3145230933446
VID_14878,67.28202948169364
VID_5996,368.7668475267165
VID_18738,1142.5012991188507
VID_16932,1095.4874260550812
VID_10894,-20.12214738376559
VID_14710,-30.80967948134928
VID_8885,10.316058930851717
VID_23004,1823.6244545714644
VID_23219,67.2386270111703
VID_22097,-19.920477377414993
VID_4297,59.80071744242412
VID_16228,-30.80967948134928
VID_15954,1734.1721639673453
VID_3345,-20.615300892067832
VID_6427,-30.80967948134928
VID_2718,825.1162133862682
VID_6546,336.3678283336347
VID_13082,1411.7288655180048
VID_5244,-171.48211623785343
VID_3531,-30.80967948134928
VID_22286,1520.1009514921375
VID_22485,6331.837909990818
VID_12333,1711.0775583230516
VID_10212,-128.81962250225249
VID_3367,-30.80967948134928
VID_16618,750.4933883967855
VID_20425,51.229787530962376
VID_15511,-30.80967948134928
VID_15733,-30.80967948134928
VID_4609,8752.117922348385
VID_1226,1471.1616947384002
VID_13888,-226.5557931272808
VID_9222,189.5557604267178
VID_21581,83.25193790639041
VID_4465,761.936240625723
VID_5281,57.20863759937425
VID_1306,7136.458484718072
VID_7739,-10.19081872791733
VID_22195,1087.3028239533792
VID_18924,1338.5000705228324
VID_23513,1926.0172342658554
VID_17401,7.5149062535418025
VID_20646,-52.26207858600848
VID_11904,6362.497811619353
VID_4731,3660.259228323544
VID_5672,-202.12939241031648
VID_15911,7767.89774206386
VID_20319,1138.5337848637485
VID_17444,-22.224421114408962
VID_18753,254.20831984570728
VID_7764,-218.64631411357473
VID_15704,-134.6739700306957
VID_11545,642.6627590484422
VID_19136,2717.855905275486
VID_18105,5022.040978193929
VID_14067,-30.80967948134928
VID_20812,-261.8822313223404
VID_21151,5957.8716632859905
VID_7982,3433.6186207771184
VID_20546,1105.4893834333313
VID_17720,61.97697014278655
VID_16337,515.4095253355725
VID_19872,-30.80967948134928
VID_21738,951.8242134241684
VID_11905,2643.5632845474265
VID_4785,-30.80967948134928
VID_16967,3373.352765629989
VID_20054,940.7404879341871
VID_23759,1128.6605761918815
VID_5271,-118.46291302458526
VID_15558,-30.80967948134928
VID_20763,-187.6534600407533
VID_3691,2853.537813039745
VID_10696,11564.652705952545
VID_15281,3067.5873409396654
VID_11521,223.55096238605637
VID_11012,400.26112303473434
VID_21215,172.14199621365918
VID_14106,-30.80967948134928
VID_17170,998.9575486373022
VID_8829,-60.3436259173238
VID_15648,1766.4932912923537
VID_2503,851.7012200439262
VID_9609,106.55074188157053
VID_14786,98.8347358074905
VID_1096,2560.248442680135
VID_16946,1723.5271095029702
VID_538,-21.483714796388174
VID_21465,60873.10339577912
VID_2234,3347.1983388736285
VID_19367,-19.37512155377
VID_19713,690.7697957615926
VID_17979,638.3181990775086
VID_14645,4549.700911053074
VID_13242,1583.3479371554954
VID_13615,8772.781557297218
VID_13195,-30.80967948134928
VID_16686,2591.8278647964303
VID_574,-21.055149832404375
VID_19535,6294.673699623381
VID_17822,8703.056461826083
VID_9736,5107.660499951697
VID_9317,-30.80967948134928
VID_1575,6726.199781516392
VID_6226,-89.49070817975355
VID_21053,1375.5464513008153
VID_7408,-20.228167285712264
VID_20431,318.96822034932876
VID_19505,-93.78330010866262
VID_23365,3329.457120480929
VID_6007,50.513666290568466
VID_5185,6312.996687543067
VID_6617,1861.8499504826814
VID_9082,-24.898834683855775
VID_14054,-27.761947098789012
VID_23360,1592.7362640204074
VID_2442,-30.80967948134928
VID_3786,-37.97388981192696
VID_7466,-390.56483933069427
VID_7153,3606.1057821173385
VID_19049,755.2977905532566
VID_23260,-22.68907598392693
VID_14651,2122.6654469765313
VID_20422,2541.9266863854646
VID_10825,1761.6684597879948
VID_7545,20.778426977586413
VID_14348,-30.80967948134928
VID_9713,7121.745212909446
VID_1014,2827.6441271389926
VID_9113,-45.25351083384768
VID_11382,433.44280470482454
VID_11300,616.7370636957507
VID_20932,1018.5467083616261
VID_14436,-30.80967948134928
VID_9301,-30.80967948134928
VID_12523,-411.44498192031136
VID_12643,-37.79565828031084
VID_12362,-105.29000154836281
VID_15441,2890.672543337659
VID_9952,1841.3537755322438
VID_21767,511.65913707192755
VID_12684,-68.35881292274935
VID_11309,-326.2366213457637
VID_7834,21.661538131308358
VID_18002,543.0091148349895
VID_9547,2336.4733540041775
VID_16315,5263.656439526475
VID_8722,8377.556065252013
VID_1399,1785.2052458431203
VID_237,-30.80967948134928
VID_18681,6828.897706436011
VID_6685,44.335794822473574
VID_22705,780.5070708625456
VID_20836,3797.997843249406
VID_10891,553.1011497221645
VID_20804,4280.172349497375
VID_13123,350.5464795189302
VID_9458,409.04311795651034
VID_8877,1466.2084310633563
VID_4443,-30.80967948134928
VID_5448,-19.392487897413158
VID_488,-21.24663679523581
VID_20620,-30.80967948134928
VID_20039,908.3600589467826
VID_13054,-30.80967948134928
VID_22530,98.5321268504811
VID_22322,3933.8430386954565
VID_20887,-30.80967948134928
VID_6942,-30.80967948134928
VID_21305,-60.1249166683801
VID_20072,287.2976676615981
VID_18181,1125.429666769742
VID_5565,80.1499794593556
VID_4061,1618.9465169946382
VID_19993,-30.80967948134928
VID_7414,116.9081187981946
VID_17815,5209.703494929438
VID_16441,9868.536137233277
VID_6144,242.69413424946927
VID_21845,2695.8830832313483
VID_2468,-19.66764577151158
VID_1196,2076.7349551206803
VID_20487,1063.0835004004146
VID_21406,-30.80967948134928
VID_4458,-20.947445695454274
VID_12222,739.2082113618842
VID_20587,686.527393462774
VID_21192,46.296638842103484
VID_1338,5147.462500105468
VID_13631,11374.540127837088
VID_425,614.1171110996918
VID_23125,4135.284038624529
VID_5980,1756.8632639626705
VID_5826,-172.66971136799268
VID_730,101.0652512650152
VID_20191,133.39489080865266
VID_9366,514.4476560482442
VID_3599,2395.9872498000764
VID_7073,-30.80967948134928
VID_13754,4153.1620609252195
VID_2499,-87.3844253700302
VID_14759,373.4452751542956
VID_13348,-19.882494241043055
VID_5900,225.52040885132672
VID_21942,-30.80967948134928
VID_23612,1282.0084148213493
VID_15321,289.658153700861
VID_16775,64.65693863529354
VID_8386,-30.80967948134928
VID_12887,329.67436685876805
VID_3074,-22.20287323659795
VID_17009,-21.531680133314612
VID_18209,3452.9262189764336
VID_16226,-30.80967948134928
VID_23615,5778.561494109041
VID_3344,-30.80967948134928
VID_13034,-237.46330229318184
VID_23160,14811.462135788883
VID_23460,6603.7437238970915
VID_2581,2414.005137269954
VID_7813,-269.2363724138939
VID_1638,387.64325477600045
VID_21708,12138.78834158384
VID_5991,1011.1950262939599
VID_22675,1219.702197907582
VID_20488,-274.88162522661224
VID_23492,5471.711682939156
VID_22464,310.7045873858312
VID_13553,11232.446958388537
VID_23048,3606.241538916099
VID_19463,-25.396097240656175
VID_2955,-75.12485252337795
VID_21189,40.450462309007015
VID_20777,-20.324372356454795
VID_15256,2571.2623140159235
VID_17502,4552.2282311890085
VID_22886,7025.505237993701
VID_17133,437.6400307828288
VID_18620,9368.938304072642
VID_10137,-30.80967948134928
VID_13680,3445.258544821295
VID_10713,2209.1644677176428
VID_23376,1080.835812385052
VID_428,9387.68235440737
VID_14166,1919.3341152277192
VID_17547,1959.7846054834615
VID_2976,-30.80967948134928
VID_11430,1464.6470769268042
VID_13121,-36.97384886257779
VID_16459,1719.4873418298282
VID_846,2608.4509104306344
VID_9810,2404.1184600121123
VID_3097,239.05636374290705
VID_16503,277.32458756698253
VID_296,1275.7709274616875
VID_19267,-52.10805701309496
VID_13080,-14.80950532420271
VID_16247,2040.8040673791063
VID_1982,5939.652838165741
VID_22880,326.64151916869207
VID_14170,-30.80967948134928
VID_10366,-30.80967948134928
VID_3537,-69.88284628979251
VID_21066,4654.541762546328
VID_4285,2442.5942871467496
VID_13925,53.162764114098344
VID_19161,269.90350561115866
VID_21216,402.18332844274147
VID_2226,-30.80967948134928
VID_5101,14044.142216905906
VID_22215,627.7494483470147
VID_4278,-30.80967948134928
VID_19545,4142.474339477135
VID_16699,3348.2628021553505
VID_7728,13792.006533127715
VID_13946,-19.47364840749848
VID_22301,-30.80967948134928
VID_490,-30.80967948134928
VID_14579,86.62450295736498
VID_22276,-297.5622531960635
VID_12740,3691.0599844201606
VID_2319,-30.80967948134928
VID_9097,-273.8142791593745
VID_15646,1707.6649855872515
VID_3981,-30.80967948134928
VID_12145,743.1210391678749
VID_15834,-30.80967948134928
VID_16160,421.2131585365649
VID_1083,7504.3269434698395
VID_10805,12765.280685120539
VID_3699,1195.5765154653602
VID_21514,-30.80967948134928
VID_1673,1939.0682031399017
VID_15239,-20.17967608274638
VID_898,-27.043110300789202
VID_11335,5088.600789537355
VID_4501,9416.276989971982
VID_22358,8507.185248433778
VID_7092,6267.115629452937
VID_19699,1958.7996043482892
VID_16150,466.29164252348056
VID_16870,-20.93032862076932
VID_15804,186.8203683003383
VID_11147,2.796462579742674
VID_6581,800.9075612060869
VID_11927,12626.355848320809
VID_12471,-28.679791562145702
VID_16703,1810.728538648055
VID_12913,41409.65321202104
VID_7482,-25.079653376167084
VID_3979,-138.83333931808755
VID_7010,-30.80967948134928
VID_5822,2733.7106803634474
VID_22298,576.1204342783985
VID_6753,577.8505743334947
VID_12787,2204.71833734141
VID_11162,63.992180596728794
VID_18497,589.1725274946211
VID_76,350.43245716670754
VID_18190,5611.540821531704
VID_11843,3612.785934362887
VID_4089,109.79923503795769
VID_20298,2454.6167109517564
VID_9557,7532.744865850515
VID_9380,-25.701721617423782
VID_18153,-30.80967948134928
VID_18060,281.658400168676
VID_20324,1017.5415700278148
VID_11513,697.0263508405001
VID_17896,2242.563031199906
VID_16060,-30.80967948134928
VID_15066,245.98702290174177
VID_4762,10707.086680157608
VID_23414,144.6993562904494
VID_13269,574.0802719245139
VID_4876,-30.80967948134928
VID_8111,-30.80967948134928
VID_2593,2963.559192670304
VID_21549,-79.98999515754845
VID_6237,-46.91834457563313
VID_22122,443.4038925591374
VID_6481,107.1836905313094
VID_12717,605.4340747910759
VID_20370,3602.2818468631413
VID_14515,-20.108521815097664
VID_11481,1795.894843509837
VID_10769,-30.80967948134928
VID_18296,7119.523905263168
VID_7639,1147.3160168169418
VID_18195,1553.8602255478615
VID_20891,-30.80967948134928
VID_19939,-99.9770750013035
VID_19388,-30.80967948134928
VID_20066,599.6339398992957
VID_7083,-30.80967948134928
VID_12868,245.5672100480147
VID_16004,-30.80967948134928
VID_7698,6388.224606758815
VID_18053,1274.6561129736795
VID_9985,1955.5161506671448
VID_3109,-30.80967948134928
VID_7784,-296.18278275656354
VID_16888,-235.59546119539877
VID_15320,228.19728601734735
VID_6762,-35.90885898512936
VID_13485,-30.80967948134928
VID_20969,946.7620394879193
VID_1615,1571.2165441807522
VID_13077,21.911118429860416
VID_2223,-30.80967948134928
VID_19576,-195.0134721722259
VID_211,-17.445254066498197
VID_14157,506.90326079552307
VID_16361,4111.0615805986
VID_3278,-20.053290477185328
VID_20965,-160.372610907061
VID_14397,4701.165664946389
VID_9552,7468.235260827053
VID_14588,28.588532159554116
VID_15007,-141.62580845087467
VID_11202,127.2794021496782
VID_11824,725.7063886584597
VID_2490,3979.196285045643
VID_7575,-229.75347417340967
VID_11142,2945.4859160156907
VID_9984,1018.643841589048
VID_3583,4120.033220425456
VID_14594,-20.43444676797357
VID_12231,71.08662303513226
VID_21257,64.44788513055519
VID_3275,-30.80967948134928
VID_7081,-30.80967948134928
VID_13830,1567.5439282155858
VID_9356,0.18498954152554647
VID_13975,519.2161011275773
VID_2100,3064.1248399711185
VID_3260,-30.80967948134928
VID_20059,-64.63085441806682
VID_5915,3985.3145023730817
VID_7280,2905.7053870691343
VID_8813,-30.80967948134928
VID_4095,-30.80967948134928
VID_15505,-30.80967948134928
VID_12419,1291.4254428776405
VID_2937,1852.6916561964124
VID_9231,6409.084094892012
VID_21270,3045.382552706369
VID_17847,10175.743173552706
VID_11237,1570.0129749708005
VID_4634,2603.2669379421723
VID_4716,3053.531113369439
VID_20265,75.34426322264623
VID_18316,5954.052370421918
VID_10138,-30.80967948134928
VID_4990,-157.905275321664
VID_246,-16.088319474138423
VID_6841,595.3260958893052
VID_17749,-30.80967948134928
VID_8136,19.93906784600043
VID_3815,2382.338948289318
VID_17244,-30.80967948134928
VID_8194,-30.80967948134928
VID_21265,-101.6168108272834
VID_19952,930.7558200508533
VID_3483,-135.90738867581538
VID_11010,13614.466770767382
VID_16542,-30.80967948134928
VID_12196,1915.953772485101
VID_20150,3877.832496329418
VID_652,-273.03752952203
VID_18816,9193.804371844368
VID_11495,3399.681799669834
VID_20420,-19.645933630813882
VID_1035,2000.654340835253
VID_4240,954.6255289633599
VID_12148,-246.62737557887343
VID_2059,-20.16447398053114
VID_10136,-30.80967948134928
VID_19726,395.7040302963972
VID_15530,-20.513260844009558
VID_10512,2353.257682744545
VID_23099,3559.8047443288665
VID_18818,1546.6975195167427
VID_18846,7104.08844320993
VID_4056,11304.003269678096
VID_7349,3327.2852730007003
VID_6296,-8.939357830220807
VID_22618,-30.80967948134928
VID_5725,-130.3037288216038
VID_2582,-20.092961911653934
VID_23619,9910.136414501017
VID_10774,-296.99664751145787
VID_1380,100.61409334248182
VID_5879,395.92277784843276
VID_14235,2006.8800133321395
VID_17019,2529.922796784953
VID_13630,6269.65140172053
VID_2081,7479.08202609912
VID_18764,1702.9645114198513
VID_13779,1386.343034876483
VID_18791,3525.592570380712
VID_7140,289.26170152711944
VID_23074,851.6145741209041
VID_13977,69.84937401520942
VID_522,5094.841538887074
VID_20567,2175.08683654271
VID_18521,1090.2864566874969
VID_12121,548.4544123478629
VID_4090,3739.0822547701587
VID_8664,11054.241320644964
VID_12236,1668.185031065388
VID_16548,-30.80967948134928
VID_20239,547.1507042976016
VID_20147,1346.1632347501284
VID_20823,2575.32632574673
VID_19629,2043.6985615641697
VID_3159,-30.80967948134928
VID_4388,36.31502772518059
VID_5729,227.57181420675795
VID_16729,-30.80967948134928
VID_10898,1143.5610583751916
VID_15117,1380.7400100932566
VID_2008,-20.915912123409267
VID_1992,153.95384859032959
VID_20369,8990.74152292675
VID_16922,2110.5011464174395
VID_19905,62.99148641123154
VID_21924,2367.688243343587
VID_1248,194.23354294486018
VID_21766,-59.91199198626962
VID_5247,-96.16690491906361
VID_18615,144.53492754125344
VID_2267,205.25464699306812
VID_17316,-20.13285862574112
VID_11279,72.77618400526661
VID_5552,638.840155260187
VID_22352,9329.728434111028
VID_15074,-20.710182080131027
VID_15181,2196.9783169122643
VID_21556,1002.157731291466
VID_2767,-319.0010099842247
VID_8827,-20.024447771527353
VID_1268,5886.1176170900235
VID_20506,1628.33658273391
VID_5204,-116.61300658619886
VID_15122,5248.164581646135
VID_21234,92.929540105999
VID_21772,93.56759549379707
VID_20282,-30.80967948134928
VID_21958,-30.80967948134928
VID_4481,-69.84803820940299
VID_10596,-67.60356763251217
VID_18797,-133.70280717852322
VID_4060,5465.4245784704435
VID_13312,25.280929440940454
VID_4275,724.9097169044596
VID_1473,3753.2710928283764
VID_12854,-30.80967948134928
VID_2628,1925.595391555216
VID_8516,6132.214076732973
VID_14619,-206.11118826908248
VID_19598,1053.1627053653908
VID_20689,225.93328812319945
VID_20901,-30.80967948134928
VID_13305,543.793085076213
VID_23677,2344.4189130426266
VID_16068,-30.80967948134928
VID_17820,3669.2304516734366
VID_6711,-30.80967948134928
VID_12008,5722.919946702997
VID_7139,2640.3287250567214
VID_22612,1927.8694789300175
VID_6600,932.0936319378623
VID_2734,-233.37567650733646
VID_11114,2156.661226423815
VID_15928,-30.80967948134928
VID_3784,2139.1613971137285
VID_23266,633.850158852502
VID_23458,140.60634115498195
VID_17606,-20.6867010365836
VID_14718,-21.060265479008216
VID_1548,1068.5272824759911
VID_7231,9432.138194354658
VID_801,8217.857834626957
VID_13712,2456.405055257144
VID_10166,11495.182415171157
VID_5659,-30.80967948134928
VID_1184,4813.23622755497
VID_15420,3051.385807910335
VID_18814,-177.5327333379905
VID_10531,6834.272555495932
VID_1552,2968.37796733841
VID_16661,10.641974107839506
VID_11815,16.307445490492746
VID_16106,-30.80967948134928
VID_10096,1602.6587126639874
VID_13800,-30.80967948134928
VID_20971,-30.80967948134928
VID_3761,-21.122879563060255
VID_17833,4319.261767540399
VID_23359,1015.4244667098785
VID_17046,279.95577690489296
VID_13663,6264.491709521839
VID_20421,-42.52312757658419
VID_21232,250.8502040651155
VID_22033,78.91524575812495
VID_23156,6884.288471627097
VID_16525,1475.2157749856526
VID_12507,12.207846074242248
VID_8100,112.21533500318391
VID_11008,1078.6160185463443
VID_6241,-10.529701747649241
VID_3009,2001.8871187395118
VID_19559,6554.928117065318
VID_16197,-30.80967948134928
VID_8132,-30.80967948134928
VID_13790,459.9894713479484
VID_18140,1965.7069685842578
VID_816,232.69845418243497
VID_16603,2458.74544978227
VID_18097,2164.805136789629
VID_8742,3728.3706899461
VID_19665,123.45598076541027
VID_17140,2269.5415252158414
VID_20124,-187.40557808395405
VID_16535,-30.80967948134928
VID_5137,4795.9273850570335
VID_14719,-20.827611323860708
VID_13884,-327.51629734352906
VID_3249,-30.17006880166145
VID_18283,-30.80967948134928
VID_16543,-30.80967948134928
VID_18133,5598.14551365594
VID_23731,871.564448681024
VID_11867,1055.6633883390302
VID_23734,2565.7699264115695
VID_10502,3970.8133713051275
VID_23101,171.6462588911725
VID_13526,1245.051862667196
VID_22440,8.867255800340253
VID_542,-30.80967948134928
VID_19625,5141.901458925872
VID_11584,5273.846955625233
VID_12516,2886.31679321799
VID_667,2967.41101727502
VID_18563,613.3625271148297
VID_5462,-21.37791786946793
VID_12155,520.9271365731918
VID_15969,-64.16240723529208
VID_16141,-36.49906221604804
VID_7431,-30.80967948134928
VID_6528,2446.033782753058
VID_4795,112.08934357841149
VID_6677,-18.28310336287212
VID_21733,-30.80967948134928
VID_22128,4085.359656099658
VID_10638,7234.765616762852
VID_19603,1415.294825777669
VID_2171,817.7268083759832
VID_16181,-30.80967948134928
VID_18102,398.4726221702601
VID_22722,7142.179085677592
VID_21248,-23.202053561368437
VID_15421,238.03435041999435
VID_16412,13064.550250651377
VID_11403,173.45852335496676
VID_3492,-21.314500662262205
VID_23244,1038.9218762056473
VID_9580,7643.077409704956
VID_19934,-85.93001040301392
VID_23452,2078.817665927149
VID_19378,-30.80967948134928
VID_3257,-446.07936624148346
VID_14547,1139.2083634304133
VID_11926,5306.086020939435
VID_22031,1369.503110224159
VID_2878,1483.3055965023887
VID_11072,4633.7921053283435
VID_19910,250.6513911978166
VID_14655,585.6536376125534
VID_18920,3769.7815359606707
VID_749,-30.80967948134928
VID_7892,-20.01469066373978
VID_17249,1094.2499640440058
VID_14434,68.29599727906866
VID_17361,1965.272869819563
VID_20118,-21.17560080060999
VID_3246,-67.06415028632772
VID_17983,119.08208765265185
VID_19052,-145.42580214373422
VID_817,507.94504723999216
VID_4969,-30.80967948134928
VID_16136,-251.91158377327983
VID_10245,5736.978764750653
VID_17106,472.1751960509214
VID_11803,-30.80967948134928
VID_22896,-30.80967948134928
VID_1749,6271.055293360736
VID_10732,824.2023941988305
VID_20461,1234.3342240834886
VID_9295,-30.80967948134928
VID_13024,-164.2227639253973
VID_19735,-215.12252248967033
VID_2416,176.84966395747065
VID_11799,-30.80967948134928
VID_1626,3395.299427522029
VID_14902,2863.3903484203747
VID_326,1291.1768287000596
VID_14288,1575.870569651461
VID_15337,620.289200709125
VID_2436,1681.0859973548274
VID_20962,6271.2487222383825
VID_21022,-43.26314463339855
VID_8357,781.890406074482
VID_912,-206.3625198062517
VID_19802,249.08874489819598
VID_5858,947.98269882826
VID_868,67.20022712532447
VID_2938,1367.1298898396074
VID_7205,5518.5914900537555
VID_13328,6811.400422869428
VID_17349,8508.499498962432
VID_3587,2006.6475738178183
VID_9761,1526.0946310243287
VID_22986,-30.80967948134928
VID_22640,1422.9847565337209
VID_123,6583.768539638736
VID_11768,45.39797089768948
VID_9948,8103.597764402861
VID_23191,732.3901543102986
VID_23115,554.3461239460657
VID_23302,2659.751702201163
VID_10448,-30.80967948134928
VID_3547,-30.80967948134928
VID_5173,4964.419509907049
VID_11425,400.70977663282594
VID_22512,173.67461488844444
VID_13801,-30.80967948134928
VID_7216,6452.917403835447
VID_1459,5289.716609927225
VID_768,5951.71246807076
VID_7874,-21.192195326376535
VID_17411,-30.80967948134928
VID_5338,-22.43706587352811
VID_13093,2347.521097423057
VID_3562,-30.80967948134928
VID_20725,-21.08221688564997
VID_11275,3847.85538928925
VID_13931,117.92400040802094
VID_20614,-30.80967948134928
VID_9151,9540.617810645133
VID_21787,340.9793645247394
VID_8709,-279.31523889222643
VID_23579,-21.943022043737287
VID_17814,11810.591043592396
VID_17607,-248.08165063755652
VID_4756,-30.80967948134928
VID_8258,-6.961230633978888
VID_21081,183.476404340051
VID_8426,1795.6046667657654
VID_1191,3334.188614606715
VID_8169,-30.80967948134928
VID_17104,-20.072896369871195
VID_17947,2216.1054077291874
VID_8778,-30.80967948134928
VID_8824,-30.80967948134928
VID_20521,4632.502023163522
VID_20565,5891.527605322253
VID_2345,252.26769813144477
VID_11351,2391.260629711833
VID_19674,484.3489391739459
VID_17380,3958.43724717673
VID_20501,4.594178007318909
VID_10078,2454.6155792998265
VID_17268,309.9904226737879
VID_11963,3144.254912844769
VID_7177,6476.732194706756
VID_12440,4047.6391960953633
VID_14091,279.04657932488374
VID_5145,1923.3838972978085
VID_10483,1579.412665461767
VID_1378,765.3259416254226
VID_3427,-282.7846504302391
VID_15335,1111.5967055044414
VID_18848,5870.754531198147
VID_2755,-195.19739120632636
VID_1172,9679.682460324717
VID_3340,-30.80967948134928
VID_12594,-30.80967948134928
VID_6607,2709.325666725715
VID_13861,22405.17694200453
VID_9705,-30.80967948134928
VID_5850,1209.2326590473567
VID_12238,3511.000777386707
VID_21926,-23.574327465150603
VID_9487,7451.378457637928
VID_20494,529.5577296706198
VID_23549,0.08283109344559891
VID_19860,36.40480259709128
VID_1150,1604.2727409691927
VID_5736,-30.80967948134928
VID_1308,-20.132874676136893
VID_23085,-95.09127033569051
VID_376,767.347279783268
VID_750,6566.193165854541
VID_11771,-21.03953864626522
VID_6200,-30.80967948134928
VID_1917,8476.597392535508
VID_5987,-72.80687287663712
VID_4277,1126.4549142460253
VID_4291,-20.243099040049536
VID_3217,-30.80967948134928
VID_14488,969.6492259498932
VID_4524,12073.282562377573
VID_10322,246.33074754107486
VID_5870,1112.2937205980757
VID_5237,-30.80967948134928
VID_1058,3.6277394298875376
VID_7661,308.50303213339924
VID_17233,1697.775851127604
VID_2787,-20.220888235909374
VID_5413,-115.17783308041818
VID_18748,-30.80967948134928
VID_16983,2374.8386135136757
VID_9368,-17.790774820805574
VID_2876,-25.053366259917937
VID_14753,1065.3557952006697
VID_20024,1712.2200216146937
VID_22731,2221.837470223007
VID_1020,-30.80967948134928
VID_21916,411.3668304015661
VID_20316,855.7468145834998
VID_10115,1551.7462329631253
VID_13527,91.85577060073437
VID_10017,258.11211976227474
VID_20624,-30.80967948134928
VID_549,63.09906640586656
VID_7929,-20.208882608170022
VID_21591,-167.9724948625778
VID_15528,376.1022371757502
VID_2737,297.14028220736986
VID_15198,65.06961313090169
VID_7845,-20.483616753165318
VID_5740,-30.80967948134928
VID_14139,51.432587827998255
VID_5516,667.424207154819
VID_4987,-165.9075128477966
VID_9479,6422.936186463529
VID_15816,-30.80967948134928
VID_11396,211.93784873011762
VID_8741,1812.7169533906585
VID_4189,3742.064950261681
VID_15667,-30.80967948134928
VID_22288,263.9179326623469
VID_16111,-30.80967948134928
VID_8765,884.7168426814103
VID_5061,-21.02161293685768
VID_6224,-21.659190740056673
VID_5902,-30.80967948134928
VID_15118,2111.6831132717352
VID_15594,5307.021345374942
VID_13664,2226.979389085753
VID_5969,-26.01789880216323
VID_21111,-30.80967948134928
VID_11029,2105.520229614583
VID_14023,-25.65140090872773
VID_18096,2491.3867286357636
VID_13058,-30.80967948134928
VID_16464,53.513490367707135
VID_14895,63.002742066375426
VID_2533,-537.0560939799052
VID_20581,401.2697487463509
VID_1811,650.604515191353
VID_18604,14674.5779185027
VID_14864,5351.65403006254
VID_13419,2603.146818127197
VID_22638,219.57056479350106
VID_14649,5738.2531904854695
VID_23103,4625.151158309749
VID_13850,5800.1507896302355
VID_1810,-365.4736518163758
VID_18335,3515.919951885839
VID_12164,-21.079731342889325
VID_16549,-30.80967948134928
VID_10235,3639.7671392383295
VID_19514,-20.573346966586183
VID_18077,1939.9654595268744
VID_4242,4870.29672369234
VID_5855,1046.509849986629
VID_10617,958.3955676005969
VID_824,-302.38158758231594
VID_14341,-95.37065488451681
VID_514,253.60800033766392
VID_2863,-187.34948082949344
VID_20662,-1.129682461725643
VID_16730,37.604581422887215
VID_2272,-16.89373557386341
VID_17648,-26.574664922955428
VID_11316,-271.4025956644635
VID_12996,490.9112799663822
VID_3430,31.211741950342414
VID_12935,3623.1009620640193
VID_23589,2595.4302335748794
VID_9862,6912.626071148559
VID_8470,11.945392376656304
VID_8714,1167.465963142388
VID_10157,403.8393837049286
VID_5284,-30.80967948134928
VID_14780,2887.946804933477
VID_2091,31.462406800015486
VID_11367,6186.180091124308
VID_6269,-30.80967948134928
VID_21394,-55.901442790014976
VID_8748,1019.4549413461111
VID_8533,1559.3705009494342
VID_1013,361.02343584038357
VID_12908,5193.14487735722
VID_13180,2030.4870527802802
VID_5182,6448.220962379648
VID_104,267.21229959828855
VID_14411,-20.938029752453495
VID_12957,15365.064930550507
VID_18566,439.4937227067575
VID_7049,-30.80967948134928
VID_22563,5146.34397985378
VID_13261,95.36008968195567
VID_10340,-30.80967948134928
VID_15891,1793.5204982162224
VID_8103,858.2195894239139
VID_8461,5304.367382277893
VID_7622,1484.3894633808566
VID_1136,95.19563284369606
VID_722,4883.781633898858
VID_9454,1068.5048832513387
VID_10912,-110.79085406574994
VID_9548,163.23086435812425
VID_20850,1358.4193564355348
VID_4738,4581.680432892502
VID_18978,603.672527134632
VID_8659,5306.347113639875
VID_1897,-21.590917367851514
VID_2803,-21.187229340104576
VID_20017,-30.80967948134928
VID_12039,64.2645950515885
VID_13420,6310.7207367603205
VID_810,31.840130511181385
VID_15012,516.9621528132959
VID_9473,-20.29695887569322
VID_21233,179.631158306591
VID_15573,2270.1295829698297
VID_14136,65.8229966947785
VID_5263,313.16403415504243
VID_19147,-167.6742856521133
VID_6746,-20.935413924934178
VID_21062,521.9431525929979
VID_1391,-30.80967948134928
VID_10695,13930.834310042635
VID_10709,1420.2665981569405
VID_6050,42.90425595396092
VID_20221,32.16970841826624
VID_14590,-20.765766165238297
VID_23440,2737.903642065675
VID_10114,1593.617709028115
VID_5636,90.1725670979312
VID_3714,2096.403657545539
VID_14057,-30.80967948134928
VID_16982,-107.86920068222939
VID_16158,1165.9132996346254
VID_23018,410.94806745909733
VID_14304,646.169092443937
VID_11438,287.8889893182134
VID_19361,-30.80967948134928
VID_16945,2524.1699822772084
VID_15325,2971.8792618573752
VID_3164,-30.80967948134928
VID_13148,-30.80967948134928
VID_11446,-221.8085676812594
VID_1200,3827.91449386902
VID_9583,848.3364040127894
VID_5362,57.525658512857426
VID_16290,5015.807100476999
VID_6663,-20.511187544612994
VID_10513,4183.994849060123
VID_11604,4983.525246947725
VID_17853,-23.399004423195677
VID_9036,2680.8211340952644
VID_487,114.77724807528816
VID_6002,-30.60347710600579
VID_13067,-30.80967948134928
VID_1230,5639.744874713137
VID_10247,13548.449600745014
VID_20789,-101.95872014107485
VID_22866,282.78468138007497
VID_3131,-207.24147223787097
VID_23112,142.3158678128864
VID_7848,-294.28616561746065
VID_15726,-30.80967948134928
VID_16931,590.2113292175675
VID_12027,8.813624315235154
VID_11663,6746.570287015516
VID_5510,143.37168084389148
VID_2953,-30.80967948134928
VID_12203,541.7045859065927
VID_9578,12672.18413941433
VID_4927,-20.7326503919473
VID_17804,2681.269535667675
VID_16733,-205.90689899321407
VID_707,44.536783205448245
VID_16334,6476.26933577014
VID_11444,115.4490433856286
VID_16944,8451.91877610865
VID_406,488.23437455218675
VID_11200,650.2961756117232
VID_6082,-191.54444424276105
VID_17077,530.5011463449966
VID_12120,1081.8635291174305
VID_18751,2769.721555187507
VID_22578,949.2051564149604
VID_10744,7421.51167838611
VID_3062,22.84107938489971
VID_16724,17.450268376991218
VID_18072,1421.006552152861
VID_19114,-109.18062054716684
VID_22030,3951.5875782951734
VID_2269,-244.093270299198
VID_13298,70.2334219355457
VID_17090,70.5868480801225
VID_17358,5349.09903440252
VID_16540,-30.80967948134928
VID_9248,333.64712714498245
VID_15585,5070.138555284821
VID_19347,-20.91446658641187
VID_21447,-30.80967948134928
VID_13179,1961.4897070748139
VID_4715,-30.80967948134928
VID_16761,281.69021367589386
VID_17408,-30.80967948134928
VID_12568,383.08127085767234
VID_12409,2326.3762822712997
VID_19916,4507.626035878256
VID_16481,-30.80967948134928
VID_12539,-30.720690907695783
VID_19279,-30.80967948134928
VID_12943,4813.879174267462
VID_4659,-89.94716763350944
VID_18232,-239.41489864581044
VID_19162,-19.281133112650625
VID_19730,-30.80967948134928
VID_21800,4794.108557311943
VID_9676,-325.3544521659707
VID_22343,8976.92740554983
VID_17323,-30.80967948134928
VID_12127,-336.2699446501785
VID_10102,4405.053088552508
VID_14077,-20.769346140993164
VID_1515,7054.98390345731
VID_18952,899.8740378909908
VID_23494,4772.549097422037
VID_7222,16992.132594344257
VID_4804,-20.575695931432804
VID_9600,-93.3391866141087
VID_14184,7182.476165287497
VID_17029,38.500129099225745
VID_12733,15881.87543747026
VID_20713,2520.3469599035748
VID_16978,1615.629913850552
VID_21426,42.45319486989437
VID_4682,-129.3175541020845
VID_5067,5273.169023515422
VID_5967,875.7170921517034
VID_3160,-30.80967948134928
VID_8015,-20.282019273988084
VID_8314,-30.80967948134928
VID_9061,-19.648840162566607
VID_16054,-64.85918672164044
VID_14914,-77.92091129085749
VID_2782,-7.609598938738152
VID_3405,-30.80967948134928
VID_13973,717.6632587798237
VID_20293,7279.20072991025
VID_13331,1528.8741170112692
VID_19058,-41.06513770921443
VID_6758,447.717351572279
VID_3893,2485.6617408250163
VID_2712,4304.58762239203
VID_13854,2129.4465157421805
VID_16032,-30.80967948134928
VID_8816,838.5582627418593
VID_11284,-185.69091628299097
VID_7030,-35.07869687979548
VID_23648,5062.265557458811
VID_9266,-30.80967948134928
VID_4866,-30.80967948134928
VID_11410,1744.9174590176744
VID_6130,132.5000454389639
VID_20754,248.43312931560266
VID_9062,-21.366310796285127
VID_16223,-30.80967948134928
VID_8874,2113.6571578844264
VID_19747,1198.9716487718845
VID_11152,136.27716765141915
VID_948,2931.507472963983
VID_6212,-21.887512240489738
VID_23350,418.08262463039813
VID_12698,23.34044200538112
VID_7895,-201.5396080543894
VID_22828,2461.293000868401
VID_15826,-30.80967948134928
VID_19229,-30.80967948134928
VID_16620,2219.949244573489
VID_520,-30.80967948134928
VID_14306,219.56475296326838
VID_23403,331.58066845351465
VID_5068,7861.581710562286
VID_151,1119.0965114400258
VID_16440,3757.4809000256178
VID_6639,2715.797702974211
VID_10294,-30.80967948134928
VID_11491,735.8205173962941
VID_21071,-150.3276064711843
VID_6036,2.348777247663976
VID_10528,872.0599359621842
VID_16805,-148.17595474688872
VID_13016,-19.936159729386205
VID_12357,-80.19602430019718
VID_21135,-30.80967948134928
VID_14654,74.15353282593175
VID_4527,8825.597077240975
VID_358,-21.89892390175995
VID_9344,-180.18272610293113
VID_6680,-4.4347926881266275
VID_20648,-42.96234216140393
VID_17740,-30.80967948134928
VID_19803,-77.91808915554448
VID_2895,6243.984399432659
VID_21528,1094.0123003231145
VID_9297,-20.134958932222546
VID_13766,4103.315966932687
VID_4882,-29.67839412837585
VID_15857,-30.80967948134928
VID_12661,915.6450737925625
VID_3685,2097.8768824394815
VID_20790,-22.851923812612277
VID_8500,1802.450240663748
VID_11100,1258.6329046676194
VID_8719,-482.5490287172383
VID_8322,-34.752025930313
VID_15001,445.3730678867376
VID_12322,2793.8954321475526
VID_7261,680.2077704023571
VID_6203,-30.80967948134928
VID_16731,-30.80967948134928
VID_11416,-265.47909479827814
VID_21849,463.0271897138751
VID_7923,-30.80967948134928
VID_6247,-17.79708474939197
VID_14460,-42.42134404030187
VID_23485,2087.127646253439
VID_9329,-128.68835136937943
VID_14827,160.1251521956872
VID_18237,528.3995660559578
VID_13840,9357.013532754128
VID_9229,3599.4360446252063
VID_7162,1472.7286892219354
VID_17313,-168.8962321684785
VID_21629,-51.19318059181929
VID_9591,446.1174437472945
VID_11437,-20.942878191595387
VID_13076,94.27295102150065
VID_14681,1544.6021334001373
VID_10378,-349.31087190081433
VID_21873,5884.440786810677
VID_9282,-205.36719005870324
VID_3554,-21.2453338510293
VID_9884,282.74991025950334
VID_8583,3153.0928103488427
VID_7617,614.4006828407772
VID_1284,1188.0743853313918
VID_1594,616.2122236930643
VID_2902,2723.3362937118754
VID_2160,3744.1347968206155
VID_2357,1280.6901349789284
VID_4012,-30.80967948134928
VID_7932,-221.41860422212127
VID_16858,-30.80967948134928
VID_15431,789.904256409967
VID_19393,619.9997966167273
VID_9371,-20.739251613300322
VID_16347,-20.625407532463
VID_10564,4838.420559672852
VID_5634,-256.4944480882667
VID_21704,13393.750944030646
VID_5415,-20.440261521808402
VID_1925,6289.773978491779
VID_21687,12869.328151310423
VID_23616,852.6695456563218
VID_248,-145.33974956912905
VID_2689,1340.6082085966711
VID_3650,-30.80967948134928
VID_3025,456.2802893942167
VID_11174,115.39849517923794
VID_4953,-30.80967948134928
VID_18607,3702.3970408421405
VID_21054,231.53963450181712
VID_2173,5413.707849427132
VID_11057,20399.87615789743
VID_13724,8623.974220104079
VID_13430,3341.178753206505
VID_9390,-2.6093442822984065
VID_18342,6513.125909655497
VID_11777,-303.388702748718
VID_19047,2579.136585465939
VID_172,-21.01856497090276
VID_3718,3573.454888536234
VID_22213,325.113348002358
VID_5696,-30.80967948134928
VID_20334,-30.80967948134928
VID_1007,5366.69237269634
VID_13102,112.9546946154258
VID_21651,12550.188010770988
VID_2009,397.66840985653437
VID_21017,4669.832689497954
VID_4382,-30.80967948134928
VID_4515,4126.380910736814
VID_3179,-443.760341811112
VID_23587,8290.838266805386
VID_12356,186.39720629203234
VID_18669,7572.053292871828
VID_6952,-30.382642248271438
VID_4156,-22.513418308847182
VID_2031,-30.80967948134928
VID_20255,21.655220764019568
VID_14817,-64.49446976729905
VID_777,5190.126250979092
VID_3995,-30.80967948134928
VID_10014,2928.8593092402375
VID_10300,-20.053588132395163
VID_2465,1567.592896677281
VID_17701,-299.2810129443223
VID_4175,-30.80967948134928
VID_15136,-20.00594666361233
VID_9687,-32.81362732924653
VID_12630,3736.862891076574
VID_9851,552.5332671042759
VID_16471,9084.789209827026
VID_17782,11693.277364054367
VID_12983,8732.601617047509
VID_3696,439.6607830466681
VID_17888,61.55064484613471
VID_22337,-33.21676240003388
VID_11385,1650.4603466930998
VID_13508,-178.68943335724825
VID_4664,-224.27291563314677
VID_12336,2454.3807547451456
VID_3184,-30.80967948134928
VID_4506,4602.443718433504
VID_7887,-30.80967948134928
VID_1583,2619.3175358554627
VID_9477,3630.818956189465
VID_21725,691.7574923886284
VID_1960,-30.80967948134928
VID_13998,-352.1913420102695
VID_12243,816.1092503135185
VID_993,515.2816539366113
VID_16091,-30.80967948134928
VID_17591,24.141865089756298
VID_2311,-100.05902560718853
VID_22345,934.4174520262966
VID_2342,2918.651063440965
VID_8959,2854.907573027836
VID_3423,-21.45786867781871
VID_942,3540.0453787046404
VID_17251,-240.83541715259545
VID_10831,7856.51362958734
VID_7424,193.16954096522718
VID_6404,-20.459950168708577
VID_18918,1136.9907327648975
VID_22132,-17.50856686795559
VID_22341,8630.535278504682
VID_18590,477.4908135083588
VID_5215,-21.76542459538061
VID_16189,-30.80967948134928
VID_3013,892.9834877347164
VID_12801,14.319053128638451
VID_7074,-30.80967948134928
VID_21595,43.08705623192649
VID_5007,1202.5660267636615
VID_15854,-30.80967948134928
VID_2369,-30.80967948134928
VID_554,144.4099413144269
VID_20809,82.68798224778202
VID_16735,-43.17329678062442
VID_3212,-30.80967948134928
VID_3137,-30.80967948134928
VID_17255,29.448773830906738
VID_19709,3073.026441680016
VID_13463,-20.114877635966284
VID_8118,-377.70860955073005
VID_15978,-30.80967948134928
VID_3478,-30.80967948134928
VID_5275,-30.80967948134928
VID_8837,405.0830216182841
VID_21230,512.1850042352543
VID_19256,-206.4631173739169
VID_4054,-202.69139727182525
VID_9515,2655.3596451988747
VID_15224,4530.233352542204
VID_10509,360.17688191075223
VID_570,167.04859287593914
VID_18401,771.2971830079142
VID_5981,-20.286578744267242
VID_3077,-30.80967948134928
VID_742,4718.934853249033
VID_19034,34.79164656350245
VID_17070,3778.1755952908798
VID_11392,2822.2794349139426
VID_6577,310.01183308324056
VID_15161,6840.351256922873
VID_20311,1021.4366975994351
VID_8374,-30.80967948134928
VID_22056,116.63639070363051
VID_8221,844.6651929986622
VID_11338,1419.1011419267572
VID_6994,-30.80967948134928
VID_15998,-60.52294459168984
VID_18844,-30.80967948134928
VID_19272,569.1728136766371
VID_11191,114.782786260593
VID_7732,13238.51802334136
VID_10954,17683.81586637925
VID_17960,942.4549469020723
VID_2865,-126.31409346765732
VID_8654,7602.600218397849
VID_10308,-66.17644961346558
VID_10468,1292.6884048263155
VID_5692,-62.630545576109135
VID_18943,470.7622582353429
VID_6756,-85.21870768936147
VID_2479,82.81415851511998
VID_16749,-25.034944843228082
VID_20222,396.31608119708045
VID_16310,829.4119200610024
VID_11929,1874.0239436687912
VID_17964,2114.965333619291
VID_8219,5959.672729347849
VID_9671,-218.6497467692195
VID_9700,-30.80967948134928
VID_23284,2200.834007594851
VID_19493,-30.80967948134928
VID_3123,-30.80967948134928
VID_10681,617.5482403974988
VID_18985,7257.091511167393
VID_15460,-20.12647718118196
VID_15406,564.6693418792074
VID_12559,1535.980782274336
VID_19679,3577.0287765959597
VID_15305,11801.567918431185
VID_22174,903.1095504023835
VID_4220,-30.80967948134928
VID_14092,247.131978574855
VID_540,181.3227476348797
VID_4663,76.56189428424527
VID_22875,-106.52339627786542
VID_5047,5453.936520807282
VID_16179,-30.80967948134928
VID_6524,2998.6064143092713
VID_15701,-30.80967948134928
VID_2125,21.72686431504706
VID_13225,4.330578759771505
VID_7398,-22.252886605494044
VID_7756,-30.80967948134928
VID_2183,8643.634783872205
VID_9525,307.6466641459895
VID_11901,6965.437084614654
VID_10810,2357.6756731041933
VID_1126,247.04647241834599
VID_8232,224.3039133054506
VID_16675,2566.8428590192993
VID_2995,5182.4808637590595
VID_366,987.1475955804113
VID_9273,-30.80967948134928
VID_15580,3208.65642251913
VID_8392,-30.80967948134928
VID_21183,7377.687770646067
VID_19964,6895.906741849395
VID_8670,10543.274944509081
VID_12176,793.714173853192
VID_11534,127.57693241219035
VID_5680,-221.06745348195497
VID_21288,226.53082138399535
VID_11161,-189.4593715466999
VID_19849,-30.80967948134928
VID_21412,400.0416932805648
VID_11465,105.16369780854238
VID_22015,7118.95153853479
VID_2691,-438.31629072579693
VID_19334,81.26160220434686
VID_6162,81.93720612506281
VID_13451,1932.4830727704468
VID_12214,1722.8985472222864
VID_10943,5120.389142252678
VID_12722,264.0895630208078
VID_11298,312.6628765870492
VID_18240,677.0192014670204
VID_9558,6256.972841791371
VID_7218,4948.646000942879
VID_21065,58.82847833509067
VID_2724,7490.910039582779
VID_21578,-249.35967601862885
VID_1048,12027.12914855673
VID_10801,8974.280153111442
VID_1722,-30.80967948134928
VID_19293,-111.06016809012154
VID_10052,2111.461614850029
VID_19400,-136.50118999937033
VID_18792,3900.690226879179
VID_21334,77.95152238628638
VID_7294,7698.994643789981
VID_1634,-125.62066327979635
VID_21201,-211.58136454334132
VID_415,-20.788306146945008
VID_3072,-30.80967948134928
VID_1464,1260.3025964869155
VID_18400,53.580258862569316
VID_4992,-30.80967948134928
VID_16747,2187.790308263167
VID_17491,1960.4821199713783
VID_12664,-313.41302638755013
VID_489,-30.80967948134928
VID_22646,5426.843986747089
VID_1716,-225.61373795071583
VID_9767,551.5912710820255
VID_16415,409.5162976338816
VID_12813,154.44814370988203
VID_15634,-232.963349274892
VID_212,14.227498022150904
VID_20184,-20.052596157500517
VID_4055,-21.849366050099402
VID_8312,226.17426549633728
VID_20468,217.69466127669992
VID_11575,7615.870041942731
VID_19446,-322.9453818817821
VID_17936,479.79037247631305
VID_11527,-30.80967948134928
VID_1026,520.0741727712033
VID_22134,-30.80967948134928
VID_21568,-163.07879189981455
VID_610,1749.778199200383
VID_10457,32.128150584997705
VID_10503,10898.936217048626
VID_12089,113.79269781493149
VID_2819,-244.5434579601563
VID_21033,-35.64689443084388
VID_20642,-102.31768615628785
VID_23328,3739.4298948396304
VID_6324,48.40895634915944
VID_7809,-28.684901479849323
VID_13209,2303.0554763539144
VID_22376,3771.007749490295
VID_11892,4260.691675763886
VID_6354,-89.57612844154387
VID_21134,-30.80967948134928
VID_1367,585.9712688049234
VID_7132,-283.05620980658733
VID_13010,-18.632924539078786
VID_16384,206.56118435200577
VID_9208,-30.80967948134928
VID_22406,-21.7411089867529
VID_10674,7161.202647241287
VID_11599,9571.693345438878
VID_14272,8375.307550568745
VID_10530,3355.4851207727434
VID_8004,-20.500550538905994
VID_8790,-63.555725777128906
VID_6313,-174.1156839006073
VID_3231,-30.80967948134928
VID_14615,589.7187814734516
VID_14196,489.00573944239386
VID_11697,-7.438084601886846
VID_81,5584.118088972475
VID_22272,-30.80967948134928
VID_9114,328.1102364137587
VID_3910,-30.80967948134928
VID_18574,-159.52501541124158
VID_2666,1138.7042229369406
VID_2833,58.868001848838304
VID_11434,717.976439605939
VID_8881,-19.86795204078919
VID_5219,-25.53371070945187
VID_19882,-19.654955725148717
VID_8083,6575.215118924579
VID_18777,171.10365104073892
VID_2245,-90.83430989554016
VID_14884,4368.007275652648
VID_17548,-178.68642419242596
VID_5944,3718.487713751783
VID_10123,5827.033011744579
VID_7542,2918.4373641202706
VID_5998,205.80271863643182
VID_19084,-30.80967948134928
VID_15524,85.91122800176238
VID_5438,79.05761994732885
VID_10434,-30.80967948134928
VID_22871,-30.80967948134928
VID_4391,-95.37871909214819
VID_17631,-30.80967948134928
VID_18098,41.89305217900691
VID_14938,-184.8085744847261
VID_468,357.0470275279594
VID_13066,-30.80967948134928
VID_16966,218.90108333847078
VID_8795,736.0210863931891
VID_16424,256.16760378809334
VID_1660,7436.098443961493
VID_10336,-30.80967948134928
VID_16819,-30.80967948134928
VID_15098,2797.6880562630918
VID_19761,305.7204742389711
VID_23716,417.05855278445546
VID_1134,9147.59447043356
VID_7592,2093.8932587648505
VID_2846,-19.66328789843711
VID_2559,-404.9939751498226
VID_14668,817.1140458112434
VID_17396,2516.2604425893037
VID_4675,-265.3851147818678
VID_6838,1590.21273988765
VID_15368,3945.6442759991983
VID_7647,942.2519742048266
VID_4994,-31.398203055923492
VID_11944,5956.260320045799
VID_69,2497.7136031777986
VID_2328,298.24745149922603
VID_11840,1152.0478740543865
VID_8892,660.052128337895
VID_19687,3960.226709919618
VID_22821,-144.10631591360112
VID_12769,-30.80967948134928
VID_4727,1757.133969674542
VID_582,2367.7245179899337
VID_17656,-238.34484440737626
VID_17981,3915.0889797572468
VID_20819,6613.4197158940115
VID_15559,-30.80967948134928
VID_2050,-30.80967948134928
VID_7257,-343.6945800096934
VID_12139,-119.24380503173934
VID_10384,672.4511286115152
VID_4747,-30.80967948134928
VID_16336,-20.2394695697287
VID_15652,-30.80967948134928
VID_6078,-30.80967948134928
VID_18843,8253.781285294639
VID_14019,18.76968381361045
VID_18276,1231.6934238665938
VID_16395,520.9500928446611
VID_10117,5193.031767416842
VID_7527,-266.383085822036
VID_4748,3156.4455902133145
VID_21361,4213.782810118842
VID_21903,1151.5610595067383
VID_17496,26.658857459010086
VID_17477,2389.0118838820918
VID_20582,947.3248044027667
VID_3397,-21.312868375266383
VID_17037,4820.691487240417
VID_23042,41.57870999395002
VID_16019,-31.429689932676176
VID_13660,6941.372659098365
VID_14911,351.28429839965685
VID_2444,1089.9980808540706
VID_20299,9560.651524705876
VID_21662,2791.9536414978734
VID_17544,6.010022319873784
VID_23617,9217.597462102052
VID_11135,3753.2949035443826
VID_17660,-118.97282058615137
VID_16776,1521.2900366406727
VID_17032,819.1179209453124
VID_8652,2143.9956604294325
VID_21991,2500.8463615755795
VID_8290,429.26396994589453
VID_16211,-30.80967948134928
VID_12960,8030.981746968782
VID_408,171.50963592485752
VID_2208,263.2923356374985
VID_17141,2231.0777540743493
VID_1109,2117.1199968087453
VID_20633,-30.80967948134928
VID_11331,1391.51090357713
VID_21222,446.5986966021042
VID_9565,11462.78250396141
VID_3053,2632.8401064438403
VID_9867,68.54377385311874
VID_23288,3897.933522585773
VID_6921,488.4255614515492
VID_2673,696.9605523463035
VID_14769,848.4216289338685
VID_17241,2253.1894862891654
VID_14074,-30.80967948134928
VID_18198,192.79424426189897
VID_3116,3870.272844353403
VID_6920,1869.270555006247
VID_4615,6949.475658066862
VID_12002,1701.2731060839683
VID_12743,755.0654469787289
VID_1080,1957.5737583167545
VID_12318,2969.956635543712
VID_3832,2120.7747649252337
VID_16582,-229.80987860025309
VID_22801,-85.2378279626525
VID_17392,1726.0638776277663
VID_11169,106.01981738687691
VID_16557,-30.80967948134928
VID_2870,31.8945098594101
VID_21945,-30.80967948134928
VID_23275,-88.65561309870382
VID_9606,13528.11897966399
VID_16305,1946.5126642871785
VID_3693,634.1482989506875
VID_643,4048.35127297769
VID_11486,3471.1030155200156
VID_6201,-22.196767708291603
VID_3056,-56.703883915781454
VID_22383,1273.3527919529313
VID_15033,-21.39042824871821
VID_14798,99.25429486546982
VID_14812,3889.1773819692185
VID_6362,-30.80967948134928
VID_9180,83.92185692534876
VID_17978,3651.012959844074
VID_14982,682.4685066259633
VID_6973,-201.3694601559092
VID_4710,-30.80967948134928
VID_12339,191.9766397996436
VID_13101,-2.554017711613788
VID_20077,430.64471104066234
VID_882,3248.4874126833515
VID_7913,-30.80967948134928
VID_6788,-19.541529830257502
VID_5784,912.5079699271656
VID_18050,1394.0854052190691
VID_3071,7.188869630445259
VID_22111,4368.23949269241
VID_12755,1656.7179959850105
VID_17476,1375.7087618525472
VID_3805,6022.619577264637
VID_11028,10422.855518994043
VID_20261,16.512064743815838
VID_10372,-30.80967948134928
VID_22092,2468.9926883902813
VID_3216,-30.80967948134928
VID_12842,-20.444077703397134
VID_3135,-30.80967948134928
VID_12208,2440.9687590480794
VID_11398,561.0254273241012
VID_1220,6676.4350060080415
VID_13796,1440.0221690751207
VID_17920,404.2728998441379
VID_309,-344.59785478904536
VID_17973,468.5345179729012
VID_21314,-186.1022553413288
VID_12876,2398.8071596977948
VID_3553,-30.80967948134928
VID_21451,3084.623015391237
VID_6193,-20.348115845022313
VID_21667,3878.250853467637
VID_1405,4205.215736073693
VID_2292,708.8618962146402
VID_23274,-23.26460826621059
VID_13245,1472.2819202040484
VID_4180,2158.8491292567364
VID_18285,23.79292441802435
VID_8343,852.769337206848
VID_18796,-23.111551973594974
VID_20545,168.9974179051351
VID_10490,265.8280685707981
VID_5386,-27.95131506660534
VID_875,182.56242325426078
VID_18338,822.2554362357553
VID_13654,12544.105883881153
VID_4366,1127.147383411513
VID_11971,319.16479947652607
VID_23666,3147.8235059451463
VID_7991,8282.836689689659
VID_21320,-30.80967948134928
VID_14980,-11.095211733653478
VID_19851,-140.94896663683448
VID_5807,7792.144878681918
VID_8017,-20.024230450298436
VID_1030,-21.91682578196284
VID_1209,1330.0511397457792
VID_12026,7041.133675107241
VID_16635,-30.80967948134928
VID_17000,150.16096941644594
VID_4749,-30.80967948134928
VID_7734,921.7474680867773
VID_18020,1512.2255005941429
VID_4933,240.24845987575023
VID_2526,2875.780939194267
VID_828,136.76647784593706
VID_18375,2896.721425902496
VID_13672,14456.529704214296
VID_8117,-231.21158955362662
VID_7364,12095.523922939152
VID_15775,-30.80967948134928
VID_4439,95.78848445553372
VID_2919,844.2266086480569
VID_5045,1097.0465828861466
VID_7463,330.1327971882179
VID_2815,-309.6182147219866
VID_23179,10519.770251743317
VID_21260,-55.921122579136146
VID_19106,45.67127619088854
VID_23756,5057.335330074107
VID_18174,-30.719084968298567
VID_2071,-20.395611783523034
VID_22432,4854.534801659595
VID_13140,-20.676616809012042
VID_6637,3837.3814585426385
VID_2615,140.45006215730214
VID_7853,-371.06924505504134
VID_2111,285.81422711076215
VID_12392,9618.585964901042
VID_16660,1756.0377098386484
VID_10047,2815.2217027157963
VID_2510,-30.80967948134928
VID_10298,-30.80967948134928
VID_19982,3177.369269880783
VID_11828,8011.028008375246
VID_21263,-30.80967948134928
VID_10475,6269.423410967587
VID_16901,-30.80967948134928
VID_16929,735.1385199371059
VID_7586,2627.5223870956356
VID_22090,-30.80967948134928
VID_18836,1653.4175954745774
VID_12796,-18.566478604607134
VID_4996,-30.80967948134928
VID_1765,6421.746687497256
VID_20004,-30.80967948134928
VID_6461,-57.178998876343115
VID_10041,1434.5446364802149
VID_14569,4398.676238747779
VID_4331,1598.6299331076523
VID_13645,1931.823075544655
VID_1029,1566.6800286376251
VID_22231,505.48367157654985
VID_23654,1166.620415441034
VID_21768,-160.42500245112566
VID_20739,-20.916174299272097
VID_346,934.038028335879
VID_4400,-240.30595102409458
VID_15912,11448.92531831659
VID_9978,9784.587083451854
VID_13691,2054.719026280543
VID_16874,-32.59762046346924
VID_5922,-19.7757092919966
VID_11179,12.84909885405679
VID_21641,-3.416020558089357
VID_12773,2214.056839463898
VID_23076,276.10427226112307
VID_8291,478.7917365056883
VID_21724,12026.844459205606
VID_2855,7185.599981530845
VID_909,1435.773852084189
VID_17242,1058.0246574590676
VID_9486,1867.6843186404083
VID_12947,11857.083930709647
VID_14210,40.343056719066034
VID_6059,4008.0745419638224
VID_2322,4021.3945362261115
VID_12915,3958.4169300321487
VID_16643,-173.60445211538214
VID_16500,13932.925617283214
VID_12752,833.8024247897222
VID_9917,1342.338321507688
VID_4821,-145.2630831500039
VID_20341,319.38056543790714
VID_20779,7799.166071246218
VID_23333,162.42966992902487
VID_874,1201.6495050289145
VID_4492,3248.412671030175
VID_5954,-20.15925881524904
VID_10538,7031.611217103013
VID_16206,-30.80967948134928
VID_19140,386.32340263563157
VID_21185,430.15413724855745
VID_5322,-201.86948921577388
VID_9169,3202.7497011241835
VID_2886,532.1564448053208
VID_20740,28.012411227941413
VID_8170,-30.80967948134928
VID_22602,6022.459505022674
VID_14273,4078.0395448096165
VID_20676,437.03844446012073
VID_8547,4242.76203882166
VID_6647,2219.479280127743
VID_15964,-30.80967948134928
VID_10251,18490.82247616452
VID_16910,-20.9305830568411
VID_19039,6157.602882829022
VID_12097,-49.40947964020115
VID_20760,-30.80967948134928
VID_6394,-15.668688162999988
VID_3500,-183.9219920950055
VID_3908,-137.41791258001822
VID_5543,-15.69935377676227
VID_11463,1095.3684024041002
VID_13300,-30.80967948134928
VID_11394,1865.9247913396275
VID_83,232.9141683742978
VID_10927,14541.934023498714
VID_471,-20.228200699799928
VID_4855,-186.8176221431199
VID_20960,-111.40685337254702
VID_23358,3697.3249413400595
VID_13880,4418.916607730106
VID_22758,7301.742427167564
VID_22739,-20.562524589427195
VID_7358,66.927423804806
VID_5584,-30.80967948134928
VID_19458,-168.96936642904527
VID_22177,451.75523238217846
VID_16935,4203.924083497899
VID_1079,1295.1596711194122
VID_22179,558.6499447070448
VID_3295,-30.80967948134928
VID_544,156.95026990082135
VID_9496,824.7750848039939
VID_14271,4786.4577886832285
VID_5789,417.67295612940694
VID_12760,3585.162319443024
VID_18350,4091.3336227046716
VID_22309,54.82167489673953
VID_13908,-86.7850173822215
VID_18977,3593.819224178678
VID_23357,1307.0475540329435
VID_12481,-14.279076024549521
VID_3680,1106.5056310233679
VID_3395,-30.80967948134928
VID_22154,-30.80967948134928
VID_5997,1086.9040808599261
VID_13995,-30.80967948134928
VID_20030,361.9528446995094
VID_17650,-30.80967948134928
VID_14885,-314.65681602748845
VID_14741,93.01547369191202
VID_7885,-30.80967948134928
VID_5339,-155.1016520233991
VID_2856,2646.7117744809643
VID_11168,-22.408533904750513
VID_12990,163.00358187673874
VID_12271,1736.3173499040604
VID_7632,-30.80967948134928
VID_9294,2144.88215821922
VID_21993,3164.4180008598532
VID_9280,468.1801072505998
VID_2729,1283.4361982997623
VID_2260,-30.80967948134928
VID_842,4632.548808993949
VID_7730,8001.983494493725
VID_10325,-31.654327686847765
VID_12079,1393.1850646294424
VID_5210,-9.505980448244944
VID_10779,-261.0569182571798
VID_12555,-30.80967948134928
VID_14233,7326.0787587873565
VID_1822,21.55425525708231
VID_23380,9304.468589494487
VID_21764,10345.625970591647
VID_23308,-30.80967948134928
VID_11288,91.82997557355931
VID_21586,-30.80967948134928
VID_6925,504.15101185854434
VID_11059,6160.1742871551705
VID_10397,-376.69799458469464
VID_17706,-30.80967948134928
VID_17635,7807.61908116532
VID_19282,192.23234877727262
VID_7523,1217.025716396471
VID_23214,2500.816944892862
VID_21680,7855.533396465658
VID_5476,-140.9601871932939
VID_16020,-30.80967948134928
VID_5963,52.83661791356871
VID_2789,470.0703800005776
VID_4186,-30.80967948134928
VID_13026,-158.68899536646538
VID_21775,-30.80967948134928
VID_5493,38.98654976847002
VID_13211,150.10528615623528
VID_9669,-30.80967948134928
VID_8914,46.70044696704583
VID_7876,-291.6334493611781
VID_22125,-30.80967948134928
VID_11308,315.3816983806757
VID_4985,-30.80967948134928
VID_9027,-30.80967948134928
VID_1451,3950.5615212836015
VID_20102,1304.1651280682938
VID_8725,1903.9797304529454
VID_5393,12052.369820318127
VID_22363,3597.635276200753
VID_21165,872.0935844111372
VID_17968,1564.96426191729
VID_3788,-49.4298120801706
VID_11947,51.21285749385553
VID_5124,2169.3679687098916
VID_21474,1389.708567780732
VID_22000,1386.849286780664
VID_3450,-300.7703886463675
VID_15724,-271.5229568263905
VID_8581,8767.773114229269
VID_7204,7385.738125201624
VID_14200,-220.9490863267981
VID_13534,2025.576372174531
VID_2913,3238.9697442778784
VID_17416,-30.80967948134928
VID_646,2133.1124015242513
VID_16846,-30.80967948134928
VID_14857,-137.98100273362442
VID_14101,544.5012281274602
VID_23093,767.2234871068479
VID_11770,145.7933568268825
VID_20305,1895.8647071080488
VID_2905,796.5567018060809
VID_6779,254.00876783743504
VID_21691,13925.49101950082
VID_18006,1719.0067408800287
VID_20018,-21.22459949130927
VID_4590,574.7334611653497
VID_10598,-30.80967948134928
VID_4696,12066.003388994508
VID_1837,283.415643337881
VID_10846,10430.750061085226
VID_2843,155.72508999739682
VID_12191,2256.2692326364263
VID_14072,-30.80967948134928
VID_11667,6248.528903175718
VID_7825,-329.90226130925794
VID_15153,1019.2884639099459
VID_1584,663.3504853576242
VID_4975,-30.80967948134928
VID_9691,-30.80967948134928
VID_4721,-240.93653203376536
VID_21155,183.59969331028944
VID_16547,-30.80967948134928
VID_4483,111.792461794929
VID_17455,161.06954680557672
VID_11509,1697.4760268352118
VID_17842,-20.061060116767713
VID_12545,-30.80967948134928
VID_5909,181.31760614352723
VID_6834,5711.866223265132
VID_7961,2105.828277057721
VID_4065,-30.80967948134928
VID_5187,-30.80967948134928
VID_21335,218.41645523943706
VID_21882,8257.331043577367
VID_4181,4565.770577214189
VID_2543,-30.80967948134928
VID_8102,6000.379561559218
VID_20978,-30.80967948134928
VID_14562,2893.9288235700456
VID_16024,-30.80967948134928
VID_11289,4144.5380458672535
VID_16147,-30.80967948134928
VID_22294,-118.23238668401173
VID_22066,-225.1596514828622
VID_145,8704.86949155895
VID_3332,366.4487515318497
VID_14907,2017.066116243427
VID_20434,-59.471551167914946
VID_13821,2514.803977152411
VID_9018,423.1325000282347
VID_20375,12159.003035298898
VID_7129,1475.5107022067828
VID_21285,59.10872746776912
VID_17905,145.695480226366
VID_8870,470.84957683496003
VID_5419,-229.95876306122088
VID_17489,1022.1622378571361
VID_8279,79.14853367725696
VID_15409,1464.4205446875983
VID_12316,107.74699476667625
VID_23028,-83.42825059510933
VID_22861,7.339854802095807
VID_18640,9424.046598539111
VID_4791,1.033876708185979
VID_17643,-30.80967948134928
VID_8960,3.6972478682324534
VID_17277,5264.962815867986
VID_1142,76.65475790096983
VID_2291,-124.64667093907902
VID_18073,-21.204702635801297
VID_6471,-205.86233737918855
VID_11220,1989.8403784321833
VID_9640,-6.840295571737574
VID_12639,59.7790509714803
VID_22381,7618.463384952658
VID_2645,656.8128310859681
VID_8845,-20.898580461435262
VID_15276,91.41241484753894
VID_22021,214.9194193924864
VID_693,2190.4897667487976
VID_12970,5034.8879695458245
VID_5248,-30.80967948134928
VID_9509,12926.518133129597
VID_16555,-30.80967948134928
VID_10571,39.71848684049353
VID_2731,-68.64326405985452
VID_15444,1045.3672878737718
VID_6421,-30.80967948134928
VID_13557,5883.13557996673
VID_8773,33.169091637741055
VID_6701,-20.085440301801327
VID_18406,290.9726168677228
VID_8785,-19.857977426598758
VID_16124,-30.80967948134928
VID_3871,-30.80967948134928
VID_20408,-30.80967948134928
VID_12905,6749.141811803274
VID_6783,6149.095097273274
VID_2339,217.79550476579496
VID_1215,1422.7665327415323
VID_14010,5283.762907962839
VID_481,-30.80967948134928
VID_8129,-30.80967948134928
VID_21034,859.2678289314056
VID_12912,-30.80967948134928
VID_12209,1601.1186104608164
VID_20966,-255.75420189951015
VID_6999,-30.80967948134928
VID_13988,-30.80967948134928
VID_18646,6877.022603574253
VID_3617,-30.80967948134928
VID_4820,-30.80967948134928
VID_8415,-130.32505105960817
VID_20736,-105.72286189405777
VID_92,1427.984042192286
VID_6411,-193.21911410134229
VID_20019,-30.80967948134928
VID_9461,1730.5450770736377
VID_1666,6344.624377945922
VID_12581,777.1868493003267
VID_987,2667.849251749138
VID_4873,-30.80967948134928
VID_547,820.0393877319011
VID_9975,1926.3121055604258
VID_14877,-30.80967948134928
VID_23059,1108.614468639403
VID_19413,-30.80967948134928
VID_23016,271.9202135536005
VID_13635,10245.998266227518
VID_2440,234.22120106017857
VID_3725,4702.870813061625
VID_8416,-30.80967948134928
VID_3486,-20.68493668359155
VID_3905,-82.64251650269499
VID_20728,866.4472201068445
VID_11643,3547.733195212742
VID_8171,-30.80967948134928
VID_3239,-30.80967948134928
VID_22342,4165.101826137784
VID_12478,43.266972821407116
VID_16335,2576.1671471070804
VID_3923,36.57974490444481
VID_15545,-30.80967948134928
VID_19955,410.39419521285737
VID_956,824.774764081432
VID_9170,3396.8106495965476
VID_22750,7226.9255819300115
VID_23002,6510.475209560145
VID_19277,-338.0581257479433
VID_15369,858.6176824748704
VID_16786,-30.80967948134928
VID_17733,-30.80967948134928
VID_16297,-20.229679668792727
VID_19,407.4098973595231
VID_9714,2082.0303542842153
VID_14328,-20.64070914405726
VID_18332,2110.423172124764
VID_7034,-30.80967948134928
VID_5570,113.62473573823799
VID_13201,5624.322624719571
VID_11911,4784.538695110412
VID_6722,-78.79210155035226
VID_21949,-30.80967948134928
VID_17100,506.853718153343
VID_7615,1627.4586478397953
VID_21098,27.541633178652127
VID_15697,-30.80967948134928
VID_4040,-30.80967948134928
VID_20235,-2.5954295507027854
VID_13677,-332.006793356552
VID_22847,1289.575577388908
VID_391,1185.9128509949803
VID_4932,-24.139678006095483
VID_4042,-30.80967948134928
VID_13449,5439.5754931694755
VID_19078,-30.80967948134928
VID_1999,269.0183100864911
VID_21860,4091.235005272272
VID_7758,-30.80967948134928
VID_22131,-33.99188214293755
VID_14491,-30.80967948134928
VID_11950,-4.132287896412173
VID_1064,2419.393326060111
VID_23433,5911.764985148826
VID_12277,5723.466498739788
VID_6882,426.75538486052534
VID_12448,333.14706621860824
VID_18150,4643.3413876672075
VID_22183,3146.1089330327986
VID_12255,942.4004270661776
VID_4358,442.3381009795357
VID_12107,37.33382466315125
VID_12672,285.30560991916104
VID_23108,1305.5545038957387
VID_355,1653.6027401958315
VID_4246,3569.0935936019328
VID_22760,3106.5490305698004
VID_9745,11308.128930640709
VID_19886,-54.43539349143544
VID_8039,4019.203537858436
VID_13771,38.48899967032575
VID_13281,3400.824901231014
VID_5495,-22.827124554162527
VID_7198,3245.3043275263512
VID_20048,20.793749527832155
VID_18947,-142.6163471591793
VID_22570,82.43627400214409
VID_8084,7946.117175899192
VID_6151,-30.80967948134928
VID_12233,843.9209931441397
VID_1341,9430.881660127608
VID_98,2338.7647452998385
VID_8450,6880.673172844339
VID_18591,-216.1185436805512
VID_18125,4461.906762220675
VID_13043,-30.80967948134928
VID_22636,460.85995780932154
VID_19837,-30.80967948134928
VID_9217,440.3283464763943
VID_13984,-243.13710293607468
VID_13437,7836.387932565928
VID_6975,8387.118599302881
VID_11753,624.819382170491
VID_6243,55.00545271411983
VID_11689,-212.95712513774035
VID_789,1733.6118958774225
VID_8207,-30.80967948134928
VID_9930,-20.27944897304696
VID_17221,759.4608151342327
VID_13516,-30.80967948134928
VID_8226,9624.943177614176
VID_6257,-30.80967948134928
VID_23751,-168.18949107860655
VID_20791,-90.80557569123125
VID_18157,-97.36982821286855
VID_3519,-20.883636959252392
VID_14773,67.04628686502797
VID_18095,482.4673228809293
VID_17158,2528.660359264464
VID_7365,11661.328777763492
VID_3391,47.59941122169194
VID_19185,116.00174485544464
VID_15272,1048.7828904183407
VID_1241,1245.0939792872944
VID_15732,-30.80967948134928
VID_11170,144.90654324728135
VID_1596,1584.44930477489
VID_21693,9489.699500667612
VID_10002,946.3891783216807
VID_1067,1181.5941998559013
VID_1943,5461.106213048226
VID_4010,-30.80967948134928
VID_16636,210.30969015821782
VID_21601,1754.965411379874
VID_10452,-132.5463125050007
VID_15893,4445.624251051438
VID_20288,-20.76758725125616
VID_6428,-145.38830266202655
VID_9707,289.4810075080839
VID_1055,6193.051909083326
VID_17699,-30.80967948134928
VID_3276,-352.5523837936978
VID_10743,3300.839482113991
VID_7123,310.4055594711016
VID_15214,3447.9103030879596
VID_8968,1644.465508410678
VID_10050,9413.422297673085
VID_18840,1512.532639384662
VID_14891,751.0957891524072
VID_21157,-12.706518607747922
VID_19703,4193.970949026636
VID_12460,-75.56545433228023
VID_20800,121.91065854781282
VID_11996,8527.919599609755
VID_2636,12578.220042655932
VID_20195,913.8063971498416
VID_1536,4235.334669269803
VID_19404,40.7851003596675
VID_18903,294.0530216362396
VID_6284,-8.836002721298843
VID_2180,650.7590201280361
VID_11755,965.1598464438052
VID_11834,5432.780282051122
VID_16231,-30.80967948134928
VID_7444,-30.96442998920043
VID_21995,428.68967524903456
VID_16899,-30.80967948134928
VID_4305,379.3636206421323
VID_12767,862.6910333219216
VID_15483,-30.80967948134928
VID_9841,1068.1899649004672
VID_12883,1423.7006192889676
VID_4971,-30.80967948134928
VID_15040,-30.80967948134928
VID_17252,832.695554979471
VID_11204,120.8431527749979
VID_2528,63.76267588018249
VID_2176,2498.375783227102
VID_12896,559.2662220656196
VID_6423,-297.8444123732733
VID_13726,7207.0254250024855
VID_15048,-157.22620616361408
VID_5992,3135.5483709018918
VID_21413,-30.80967948134928
VID_21392,728.8449543766649
VID_9068,-30.80967948134928
VID_1422,9893.667323568974
VID_13096,-257.29532516616433
VID_22465,24951.85799608856
VID_23122,10256.574156026218
VID_15438,1372.7771173255649
VID_14784,1750.4688219580487
VID_2966,-30.80967948134928
VID_22915,7703.358517191719
VID_8335,-165.6091567041311
VID_20009,-298.02592766342974
VID_17514,5210.240376738107
VID_4264,174.90530344580117
VID_8710,-388.3507639766937
VID_16148,-172.33496428956548
VID_1478,10278.967429632448
VID_2306,35.33974675900814
VID_18523,4182.10430669844
VID_14360,4797.247282312099
VID_21511,26.566613842634823
VID_22844,444.02438802700755
VID_3331,1980.1032019926076
VID_1849,6202.857172590942
VID_9644,5572.918412149616
VID_4837,7.971760774041842
VID_6656,1467.1661171170856
VID_8605,4679.948343491639
VID_2504,-507.8661941790162
VID_10313,-231.13089337655128
VID_23377,4830.794746077316
VID_19717,6415.529000018334
VID_17339,401.0699850461356
VID_13263,2527.404421239848
VID_372,2547.3202404043814
VID_11504,296.1532865796178
VID_15322,-246.12791694645713
VID_5211,-169.88545146704766
VID_16431,12688.5094014739
VID_10800,856.6739758300047
VID_1928,269.26268085737877
VID_18352,3069.686733959282
VID_21173,6325.505405647629
VID_18651,10578.389868882266
VID_13041,-30.80967948134928
VID_16255,1241.6255792415834
VID_14045,-503.0569385998199
VID_15832,-30.80967948134928
VID_7662,723.5048745941431
VID_15358,872.705756926099
VID_22848,179.04486024564883
VID_9218,817.8223239097642
VID_6971,-189.75804153940348
VID_21655,5209.9532472071805
VID_2376,28.149658405602885
VID_198,696.394851770287
VID_1792,3754.089414424561
VID_14301,2906.595705259094
VID_23321,1803.1338927120908
VID_4321,2794.858367185969
VID_16531,-30.80967948134928
VID_20177,87.69617986721903
VID_8666,3258.9055511784736
VID_4658,-117.38352333047847
VID_21710,3848.427154259506
VID_794,11979.327877485131
VID_858,-210.71503706236032
VID_8562,3331.1685507664706
VID_18372,4139.846734891893
VID_8247,49.388378763920166
VID_19567,1621.0794624394566
VID_18705,4710.113736335721
VID_8254,243.11512962808015
VID_19231,466.3558397776947
VID_6682,-259.59097964674487
VID_16577,4585.217274396386
VID_13223,3426.250190662749
VID_22654,454.00474058766787
VID_18366,1847.9460413002807
VID_1447,1643.456410005386
VID_11320,3472.8446156257137
VID_8271,160.87213255440744
VID_8642,7142.057892265886
VID_12741,146.86491131544548
VID_19830,176.77084233336907
VID_7955,-20.901764603871438
VID_345,66.72146055136466
VID_4911,-7.653360479911283
VID_3416,-30.80967948134928
VID_22539,604.812287537273
VID_8390,-30.80967948134928
VID_15756,-30.80967948134928
VID_22415,-31.28909025290157
VID_9494,2406.8306331253402
VID_14199,117.81978068898997
VID_6142,-20.459055564764025
VID_6684,-13.524995364724106
VID_17663,-30.80967948134928
VID_19477,832.0804685196197
VID_21741,16120.539062916712
VID_5307,-20.742972151681112
VID_11134,4605.309097286824
VID_12317,4034.264283798048
VID_17732,-25.71632166428637
VID_469,-151.291656204546
VID_11163,-261.243534241149
VID_18245,570.754093796816
VID_2153,-26.50189049217383
VID_10495,3692.8875384029816
VID_21002,2417.6984451691974
VID_21284,-63.83009848171783
VID_6717,-25.941590943967118
VID_20625,-30.80967948134928
VID_14738,3417.471540459132
VID_13496,-30.80967948134928
VID_776,8124.674257823148
VID_15356,1196.4048333211433
VID_19523,-74.39614876282504
VID_1260,2695.5648761361203
VID_3669,-95.52948987415193
VID_13814,861.653587829774
VID_22985,-30.80967948134928
VID_17347,2782.041385070372
VID_2445,-399.1101953865994
VID_15546,-270.1382045737069
VID_13690,4040.2898734750297
VID_7695,10386.917361199967
VID_8698,-26.504708842438703
VID_1734,6502.784383047755
VID_12054,4282.286574813892
VID_12077,-67.53451159105154
VID_11877,9957.017598535593
VID_14346,3637.853317456873
VID_22859,-20.34929874833808
VID_18171,178.55331705398183
VID_6056,10.839753765951862
VID_23,4638.603692792699
VID_16995,29.91977249412347
VID_3675,2815.0108870074646
VID_15712,-30.80967948134928
VID_14876,2712.983420708452
VID_15311,8531.888239413907
VID_10063,524.7920017090571
VID_3325,-30.80967948134928
VID_21505,-36.277834260370845
VID_6740,-168.20270946731856
VID_7423,-339.4027445449738
VID_6031,1379.0795851552523
VID_19432,5.496323489941723
VID_13927,344.45207780924324
VID_19148,1696.3890577650386
VID_1633,1065.0130765004758
VID_6960,-284.74584922748153
VID_15782,-30.80967948134928
VID_9885,386.4608306421986
VID_4964,-33.855251278737676
VID_1028,3737.8122905943846
VID_18823,3526.5985030609363
VID_6402,-30.80967948134928
VID_10820,6812.765816557516
VID_2459,1757.2391305198012
VID_5972,-20.718249964148598
VID_8662,771.4033784868597
VID_1120,3431.583420229745
VID_20963,-240.7776125604273
VID_3819,-152.44952148358456
VID_16462,14058.481555896426
VID_21625,5012.120317639917
VID_5778,251.0592753665475
VID_23398,995.4179085967919
VID_14988,968.2137603822055
VID_12493,-30.80967948134928
VID_22121,677.0724340130389
VID_7491,-81.89578281899806
VID_17630,-54.24994618854267
VID_17285,6333.85908462652
VID_11704,843.179996764193
VID_3365,-30.80967948134928
VID_6964,930.5774665923261
VID_717,1274.254986203181
VID_2473,2786.3082886693714
VID_3495,-12.31758235292363
VID_3316,-30.80967948134928
VID_15796,58.6533806776495
VID_16469,244.08684000993665
VID_17343,4768.630898727252
VID_13456,4247.260795455873
VID_5004,8.768061553415048
VID_18271,1737.7889364438554
VID_11172,-139.8802239397721
VID_7396,-409.3016053683547
VID_16860,-20.285065847423795
VID_14001,-20.375325872137253
VID_7692,1384.51302835931
VID_21759,9644.509605936339
VID_12626,-30.80967948134928
VID_21365,16069.738553864525
VID_8532,1865.1159816861884
VID_8938,760.1376406043901
VID_9336,137.9029713571697
VID_21746,470.1479882647927
VID_13118,-20.70621174110794
VID_3785,4096.8150160024325
VID_4853,258.1881905535118
VID_22834,4518.849936325346
VID_14847,-19.653264408307376
VID_10739,1718.0107135900414
VID_10350,68.17596259965664
VID_17201,1123.5316304528421
VID_6511,1940.802540067407
VID_9110,-268.22333800775044
VID_19685,1264.3079707464183
VID_15937,-30.80967948134928
VID_12313,1255.452793055991
VID_9544,2003.5030943161014
VID_18710,1092.2472210552612
VID_960,3676.25415402155
VID_21647,604.2093610739346
VID_18583,844.9175721018842
VID_17629,-11.891406654132965
VID_10394,-83.9541767776834
VID_11449,1011.9581915067215
VID_2624,823.9862062298597
VID_10449,-347.39585980431656
VID_6929,1387.4733660898687
VID_1828,287.5979675529283
VID_16532,-30.80967948134928
VID_1229,3055.7951960303726
VID_7989,6041.598631697836
VID_11165,-213.12492429640375
VID_15353,464.00553058379234
VID_14120,2304.739406498859
VID_16126,718.9907344497103
VID_15597,526.4044784786657
VID_23366,2582.028658860526
VID_4015,-30.80967948134928
VID_5685,-30.80967948134928
VID_7352,1873.3032298781516
VID_17196,2469.1997246055757
VID_18503,3026.8915559772686
VID_20930,846.0962153189355
VID_12954,11984.785268387795
VID_8561,1871.5048812995267
VID_8414,-63.678340790110745
VID_16507,6.706453984564213
VID_3806,-30.80967948134928
VID_1088,124.15515209908841
VID_20257,80.18297073687715
VID_12023,2431.4324596050433
VID_10680,-38.33166137203081
VID_11458,95.29901654303085
VID_1652,213.19980911142667
VID_22257,674.759345873116
VID_19525,-188.0336201429851
VID_5329,141.9526950481406
VID_14047,1706.6546275798553
VID_15909,10606.217595817743
VID_22501,7838.521460512278
VID_15486,-30.80967948134928
VID_21796,-30.80967948134928
VID_16526,456.7658448643378
VID_8496,2885.3383377877603
VID_14577,-228.37987618265805
VID_19280,1052.3505702407394
VID_2580,2304.0941895047044
VID_21330,601.4569619671745
VID_13495,-30.80967948134928
VID_10875,5452.600028834529
VID_3377,-266.6396319930021
VID_11569,560.1203383878138
VID_7836,-22.15492025817597
VID_19623,5.741535198952057
VID_9449,145.00912574262
VID_22312,-23.696172236393508
VID_8025,-289.3401033676259
VID_8991,-30.80967948134928
VID_6564,642.5759824819002
VID_14750,7331.507292380123
VID_11548,1479.720784598116
VID_22574,-57.50074593222015
VID_21037,508.97789065240903
VID_13157,-43.577267768678276
VID_120,1070.1319171451635
VID_10183,18425.03907780667
VID_22419,5452.698016729544
VID_7851,-7.665663673103998
VID_21389,515.0240927618357
VID_15316,6040.690137466069
VID_14140,-142.76399511288392
VID_22818,-81.60700402492661
VID_729,246.0751995498009
VID_9334,766.7929798149253
VID_18805,199.11987482409657
VID_19543,6429.060556449047
VID_20686,1468.16159939465
VID_1253,525.8712245331296
VID_2186,7482.747548359532
VID_4858,-160.44222220411618
VID_2671,4543.07701307049
VID_3328,-30.80967948134928
VID_7107,8751.55253458563
VID_4159,6482.415360363655
VID_12587,5439.902292207891
VID_9820,1090.6421009656335
VID_12797,-7.41896950830936
VID_13228,3530.190918028326
VID_16652,8096.068583742599
VID_15081,0.8098188450421877
VID_5966,-21.070964592123477
VID_694,63.13677099655626
VID_23068,1149.0034911992168
VID_9868,-171.65272486883364
VID_6174,114.88316157016142
VID_13012,-239.35682922347493
VID_10664,2573.8968474375033
VID_18019,1114.2668772814066
VID_22984,-138.9562632676202
VID_8154,-30.80967948134928
VID_19990,-30.80967948134928
VID_17901,3093.3600393208553
VID_17041,-284.7547344864252
VID_9828,2214.098169139985
VID_23740,4051.666595161217
VID_19412,-35.838251363321596
VID_17039,-55.12267556237528
VID_8706,-30.80967948134928
VID_7394,136.77878936185803
VID_14134,1728.9548829005237
VID_5890,1204.1856027979688
VID_14399,3395.3887435662264
VID_7827,-20.083210675065203
VID_20442,-30.80967948134928
VID_2500,1219.1550423265464
VID_21816,7508.841225792526
VID_4216,-30.80967948134928
VID_100,1978.7597163042315
VID_22926,7570.992384173328
VID_8999,476.41064005716464
VID_7691,9151.550265604164
VID_20827,744.8661748825152
VID_4087,6097.089982215608
VID_8657,11326.162432426208
VID_9619,3465.1646945108755
VID_21740,559.021302017565
VID_20247,225.02187120115403
VID_23181,2918.3922638170943
VID_18828,2488.833045808885
VID_5676,-29.61409968796846
VID_22701,4578.170129043389
VID_7679,856.5028442638652
VID_228,-20.734944346407797
VID_19112,274.6142974825182
VID_14634,2666.9487677852435
VID_3930,2065.7628072683124
VID_11671,3447.563799135675
VID_2092,35.35860137696524
VID_1977,298.50108624502155
VID_18959,213.993175827375
VID_22666,-30.80967948134928
VID_8783,-170.99449527344606
VID_1186,4176.145382221654
VID_16475,14603.189169724053
VID_17367,5740.631738540369
VID_16988,1668.9452502976712
VID_17835,-156.72108116893352
VID_890,319.78623419792603
VID_4957,-30.80967948134928
VID_8697,-240.55176548155598
VID_1939,6733.891965253356
VID_12862,272.19499563087896
VID_10572,4332.27705171603
VID_1892,3130.097309721159
VID_14055,456.2805263404302
VID_1365,-218.84905296376238
VID_5384,-30.80967948134928
VID_22476,-30.80967948134928
VID_8200,-30.80967948134928
VID_18925,115.57123994836438
VID_20114,410.49904420179456
VID_1063,-30.80967948134928
VID_14279,942.1511258539886
VID_19973,3249.8072168037697
VID_4045,3194.821426710096
VID_20569,1734.6110548221993
VID_22752,7100.229139046576
VID_6962,-30.80967948134928
VID_2903,732.343276359687
VID_18510,624.4707417108447
VID_19949,135.5972736896131
VID_19286,730.4103146087052
VID_5943,225.05587972062239
VID_12941,4674.942097180008
VID_11090,32970.24899975886
VID_5683,-30.80967948134928
VID_17231,187.8153151629153
VID_10534,6749.823523284498
VID_337,681.8711564174789
VID_18156,-74.62266840410412
VID_7596,4884.560741879977
VID_12149,699.1896521524029
VID_2797,-118.2951531354998
VID_13125,-20.685782546776252
VID_12749,3929.6770003432694
VID_18413,10286.09544563408
VID_17214,1200.2685035490015
VID_6883,555.1698667045307
VID_16992,2392.491304986406
VID_18236,340.89035771305527
VID_11550,772.490283616089
VID_13491,-30.80967948134928
VID_12350,2044.6430280110433
VID_22754,7911.7434425989595
VID_14377,1092.514965974873
VID_16912,-30.80967948134928
VID_1558,658.6541739889798
VID_13598,6196.058054566944
VID_668,6903.823349682972
VID_1092,5319.384903860311
VID_15185,1335.4647578325146
VID_18649,3393.967510432467
VID_1434,1022.234625273722
VID_208,-20.37154360829347
VID_7343,2370.5317509817814
VID_18539,1146.2912415826997
VID_8411,-30.80967948134928
VID_24,6653.755790166433
VID_20761,-65.90414391962311
VID_17662,-318.96665219035395
VID_13081,-202.04211314168995
VID_12716,981.8870122765302
VID_21060,5557.418399619321
VID_17592,192.28628082741605
VID_15020,-26.24930967742174
VID_15647,71.40097584179978
VID_15923,55.29249272592396
VID_4144,-30.80967948134928
VID_1540,3464.4682163820044
VID_13704,5875.479703173623
VID_1480,3877.2072943517906
VID_10095,1191.1268320893378
VID_2405,191.2879351672543
VID_8124,-191.12144428931148
VID_23317,10872.964054929598
VID_15423,1483.472257529599
VID_13716,11509.378999336328
VID_9902,1628.7994576165
VID_12130,381.5534460218685
VID_7658,-234.6741241106076
VID_15362,2445.333254577313
VID_7339,988.4941585792042
VID_5374,-30.80967948134928
VID_4049,-30.80967948134928
VID_3944,777.0158639643546
VID_12959,3420.0965597761488
VID_4276,4341.14094502065
VID_8731,1123.701015031603
VID_4551,5741.321985750486
VID_336,2108.0439478226967
VID_12703,133.4542272560774
VID_3608,2557.324943447355
VID_17422,-28.12577227628764
VID_2946,-30.80967948134928
VID_5383,161.3669635743543
VID_1812,222.86264006884912
VID_4335,961.2754095169909
VID_7795,-312.63569780617667
VID_1964,53.6458427199728
VID_15535,-30.80967948134928
VID_19168,-30.80967948134928
VID_431,812.7853040420321
VID_11714,820.7794485647279
VID_7026,-30.80967948134928
VID_4505,3160.0194264763654
VID_23601,1816.2178543968882
VID_18229,279.0742624407498
VID_13746,9221.605291892298
VID_12668,-19.871636798898898
VID_17587,602.3872508180315
VID_4477,23.083935912955084
VID_2765,2899.087200513236
VID_17823,-30.80967948134928
VID_2818,331.98628127308996
VID_19427,-30.80967948134928
VID_6597,699.7897736440573
VID_1895,1141.275508768508
VID_20522,5881.821022600513
VID_4591,221.69794076363362
VID_20274,29.396371643493616
VID_6001,-20.33435493655375
VID_16558,-30.80967948134928
VID_17645,-30.80967948134928
VID_3517,-30.80967948134928
VID_9907,278.61907452728366
VID_11602,-30.80967948134928
VID_4926,-297.0823620057715
VID_3296,-30.80967948134928
VID_20455,1529.7091180605632
VID_10088,2257.4558623464122
VID_3211,-204.57090648417724
VID_8067,-21.415103075039564
VID_5715,-30.80967948134928
VID_4024,-30.80967948134928
VID_20629,-30.80967948134928
VID_8370,-30.80967948134928
VID_18546,303.20370005557
VID_9853,35.51594528555169
VID_19881,47.383454994783534
VID_9224,-303.0699506376805
VID_10666,5149.376944212267
VID_13737,10995.954407864994
VID_14889,4756.627330932106
VID_21279,1280.931835506016
VID_4502,2624.7263980248804
VID_18160,784.2401133595986
VID_20747,25.390231835498394
VID_21245,481.02889440034005
VID_18364,2104.921586131651
VID_8008,-308.7912316568956
VID_11760,-20.928673931620484
VID_5400,4275.539875191623
VID_9626,7636.761074163501
VID_19646,7737.637226784529
VID_5542,226.45894126720785
VID_10640,530.7696468089321
VID_4583,11199.18024225942
VID_3949,-30.80967948134928
VID_11025,295.865035887714
VID_23204,6720.246090586374
VID_21212,-80.42262116609272
VID_22960,3864.276658213607
VID_10228,345.9377439836498
VID_17897,14.616824550891142
VID_8424,-30.80967948134928
VID_22187,96.94978537207537
VID_7304,322.992533860002
VID_7678,861.4299309355622
VID_16059,-319.72607493507246
VID_20692,549.9591877457517
VID_7539,1121.5193690562191
VID_19302,2346.0777160170446
VID_5283,-64.47404270606872
VID_9535,2430.1699400749717
VID_11019,5189.688524589
VID_8341,218.86782902944594
VID_5356,122.87563978417789
VID_16881,-30.80967948134928
VID_1829,-295.83089352047114
VID_23521,433.4161083447828
VID_23280,-18.89556994986261
VID_10968,4790.906424401657
VID_10790,-20.347395735407602
VID_22278,-30.80967948134928
VID_21524,-32.94166853080607
VID_5874,5737.04534088437
VID_21184,3729.0793430313283
VID_22171,-76.8842484327176
VID_15896,43.42384116139208
VID_7272,-214.6544032224925
VID_16579,1632.331437546906
VID_21197,-49.08037353498613
VID_9474,-130.91106894939296
VID_18246,9.846476579072817
VID_7447,-216.26686295962324
VID_9869,428.35136325837476
VID_5790,-94.05588278093042
VID_11435,1726.1552772297598
VID_15773,-30.80967948134928
VID_8099,-56.130515282903424
VID_6277,261.2580912226673
VID_19303,-21.236242402760283
VID_11782,-202.09479037767832
VID_6446,115.53911691080695
VID_4656,-30.80967948134928
VID_14012,1833.5344569259314
VID_9361,76.73023287754937
VID_15986,-30.80967948134928
VID_22525,2522.040058535817
VID_3833,2622.3449399507267
VID_19468,-21.552559013765737
VID_11977,1303.870892020737
VID_13217,3411.808826581066
VID_6992,-243.4485027737372
VID_6270,-22.016839936259256
VID_11217,1344.7046127167516
VID_17490,1285.1343296285686
VID_6959,1587.1818796689931
VID_16517,92.03994085250551
VID_20067,225.10153702666437
VID_3070,15.27786900225782
VID_1189,5429.397621354139
VID_23649,16636.852049013796
VID_6180,-30.80967948134928
VID_4480,-21.598614947087604
VID_13384,-30.80967948134928
VID_10290,-30.80967948134928
VID_4581,5378.919423818314
VID_22887,1736.3445659087208
VID_6457,-217.0947644091107
VID_13762,-18.915184110231415
VID_18542,5710.90502521403
VID_9801,980.6100950058956
VID_11103,2361.767547802482
VID_7711,15035.07067179848
VID_14161,3245.871010936393
VID_23339,4936.212648749048
VID_20135,1839.0403966303677
VID_19661,10450.859080567769
VID_12899,-19.13619997343377
VID_12340,810.2262524583192
VID_2401,901.8042987108477
VID_17212,1974.2754904319693
VID_3202,-178.77326090735804
VID_20365,7492.124427999275
VID_18244,1346.096055849155
VID_18303,5229.971544265147
VID_15127,2706.218368770083
VID_13008,-165.65061691263097
VID_4586,374.2426054682782
VID_10263,1491.819737151765
VID_1669,2336.3916022159096
VID_15328,2026.2806952708313
VID_152,954.4659523276651
VID_23303,578.9541090227408
VID_20005,-30.80967948134928
VID_16850,-30.80967948134928
VID_20590,315.2533938723073
VID_9768,3545.1022588075575
VID_5562,-215.80816086921843
VID_14263,8723.305678359882
VID_13279,781.9016646576645
VID_22513,816.8842737960031
VID_6736,-20.878291292555787
VID_20445,-453.9671670815386
VID_15361,839.6419235926368
VID_17184,1834.0803372140008
VID_5893,3383.873059405229
VID_8905,-30.80967948134928
VID_11192,812.7995030576897
VID_22717,5305.3090556998795
VID_12437,756.4232122555836
VID_2701,191.61525380562662
VID_7738,-21.088110694069666
VID_9891,264.87444551669273
VID_4317,40.99661316117501
VID_15183,1189.2722650928556
VID_9983,785.718093379624
VID_18132,415.29523992403
VID_4599,274.3547439331017
VID_18639,2756.040078461009
VID_12270,762.9974911047154
VID_2651,540.0444421311361
VID_8985,-106.78023958547418
VID_14423,7315.719509313321
VID_2853,6437.791353849707
VID_18193,1449.3031725741532
VID_10658,1409.3242329924385
VID_9554,2583.4226969541
VID_7550,978.5459280754142
VID_4022,688.3850928895797
VID_9406,69.23094730194889
VID_20802,7060.743971876076
VID_22958,4862.057736764886
VID_4822,38.546946912246575
VID_4019,-30.80967948134928
VID_1060,3976.2836174060344
VID_16383,5516.922746436307
VID_3757,-161.74876371178155
VID_5734,-206.98412760070389
VID_19520,-30.80967948134928
VID_16538,-30.80967948134928
VID_17185,3141.6960136090224
VID_10162,3139.022631713344
VID_23087,141.68530041026943
VID_9052,65.54997404262959
VID_8308,266.62494133214625
VID_11649,2981.394128358925
VID_3607,-30.80967948134928
VID_13176,-196.69878036643806
VID_7120,1099.4900111178015
VID_22554,1604.5039365528771
VID_6803,4512.611247678028
VID_17510,-24.53996147404874
VID_21998,1433.6644560006614
VID_14,899.403434658203
VID_23662,4381.448015584006
VID_4031,1498.598172359735
VID_5774,661.1197441773571
VID_4447,-87.51168950682616
VID_12869,-221.14208843065487
VID_17320,-20.13904518600958
VID_11676,21.316341165171515
VID_12920,3426.956947627779
VID_20996,9265.665855299865
VID_18892,-30.80967948134928
VID_14064,-30.80967948134928
VID_2010,-16.05517232676332
VID_8552,1345.875323678606
VID_12166,59.22575475329601
VID_16078,-30.80967948134928
VID_18300,3507.4194488405287
VID_23144,508.85056357184226
VID_23709,-30.80967948134928
VID_15227,132.67553733674694
VID_14021,-11.879042458410355
VID_11117,856.3579580060971
VID_2004,4.841944430705418
VID_2364,4487.20990270148
VID_11903,2776.8344002075128
VID_11490,2445.6971561520486
VID_11304,-376.98124558203386
VID_12665,1402.578566111441
VID_11014,7140.928128768816
VID_1537,3524.9045888699297
VID_4202,-30.80967948134928
VID_12617,2613.5854515010474
VID_12386,315.78555501642796
VID_21023,6446.032809700975
VID_7214,2246.341404004557
VID_14525,501.5716150884389
VID_6692,118.66538476500233
VID_15042,827.385326426933
VID_5924,1816.7070713399553
VID_2224,-30.80967948134928
VID_22354,5692.900655651945
VID_10177,2580.591080430359
VID_5389,-31.24221975881629
VID_21308,-30.80967948134928
VID_20928,1703.925312103575
VID_1353,-20.792045085790914
VID_4433,-30.80967948134928
VID_20128,253.01684499476173
VID_16397,-109.69554045475009
VID_16301,588.9872193170165
VID_12633,3755.9368169682825
VID_23568,-94.81308505931237
VID_9772,10303.536221071434
VID_4150,-26.91613506724574
VID_8952,461.2607255353527
VID_12614,693.958805173128
VID_21457,8264.813741270083
VID_22487,7170.732724091523
VID_10837,8312.400543844318
VID_9883,-122.83841100358559
VID_20384,13727.446780873895
VID_3515,-30.80967948134928
VID_5005,6303.085581400843
VID_2807,-123.57406087300224
VID_23309,-155.43831453492794
VID_21550,131.8382257100932
VID_3061,37.58468957614374
VID_10299,1821.5187989157087
VID_11001,2624.9421433208377
VID_8045,506.8074077367915
VID_14682,-57.55092481769449
VID_10268,1216.1124140845388
VID_5779,-20.288013110636015
VID_5367,-21.21920250308129
VID_18298,3308.5557331689943
VID_22470,-30.80967948134928
VID_8967,80.62424180995917
VID_12963,9950.122500748686
VID_3639,1524.0052732414488
VID_21789,-148.82421631158243
VID_15815,-30.80967948134928
VID_4203,-30.80967948134928
VID_6381,-20.331937419108836
VID_5973,3921.6077996226186
VID_20081,2213.39990274309
VID_8587,4513.2230819913275
VID_3288,-21.221220370346273
VID_19558,10031.125940713775
VID_12063,1631.2285346086464
VID_15190,6623.567480134665
VID_19502,-21.056050621655572
VID_14412,472.6695083167458
VID_5728,-200.74978164592704
VID_1541,1599.694952282862
VID_17163,3838.6413670667175
VID_14640,902.7865194606375
VID_14394,2620.302792828115
VID_16293,4548.070323840253
VID_20372,7114.030829732048
VID_2762,1140.7241320132491
VID_16040,-30.80967948134928
VID_10359,-113.54047089962177
VID_2916,2471.7343567396497
VID_14826,99.00132870124547
VID_1554,1707.6655265101415
VID_13362,420.8050985477956
VID_15985,-111.45067385944871
VID_6157,814.6341684733757
VID_19775,-20.17738942438367
VID_8677,10451.931363380554
VID_12593,-30.80967948134928
VID_11555,1224.0490697770329
VID_10180,11929.575968274334
VID_7281,1001.4006496182924
VID_19200,-30.80967948134928
VID_18507,557.0592585144713
VID_13765,941.4924482426861
VID_18802,-191.59352897627352
VID_2428,1012.415208553983
VID_22193,-46.54940688721273
VID_8915,154.79350808172322
VID_4402,-30.80967948134928
VID_6197,-30.80967948134928
VID_23263,-30.80967948134928
VID_16324,4939.3537167719005
VID_16725,-30.80967948134928
VID_10683,2066.730656189036
VID_14246,-30.80967948134928
VID_10059,3972.29576657069
VID_16656,780.3760108342981
VID_17275,6985.415913796857
VID_591,-20.095758160692977
VID_17916,1576.4939077728322
VID_361,-201.8054750827092
VID_21848,785.8629355300698
VID_7693,5757.442105916125
VID_21847,1274.4135135888932
VID_12198,3224.6182746316863
VID_2129,4842.214626464462
VID_3080,235.85204547538623
VID_22803,363.0039166758051
VID_969,1367.619806116239
VID_10161,2178.264912631573
VID_19085,867.8284977144453
VID_7744,-292.7282690983581
VID_4304,-20.09660660758083
VID_6231,-318.2864328954619
VID_19763,-180.53690834968458
VID_1542,6174.160101159984
VID_8180,-30.80967948134928
VID_18962,5612.011471943452
VID_7258,638.8173279400377
VID_11587,6018.433642968373
VID_10283,13855.479221385332
VID_18692,6790.4712539535885
VID_19813,3.732482775076179
VID_18168,855.9044747068308
VID_15844,-265.4689091334125
VID_6875,8000.51646892961
VID_4099,-30.80967948134928
VID_5489,-20.51079389452577
VID_7357,788.7780272371156
VID_13020,-20.248031940501853
VID_1146,2146.5006577119725
VID_19336,-20.21944172573119
VID_2188,2611.2078565822294
VID_13383,-30.80967948134928
VID_18645,2493.966549098585
VID_9,1308.1477066176071
VID_4369,4905.357423411154
VID_10525,1522.945891455575
VID_837,4244.311389939725
VID_15197,-39.13096899964872
VID_4776,720.347137404596
VID_11796,-30.80967948134928
VID_8082,3077.989454977613
VID_15852,-30.80967948134928
VID_22425,-19.96016239290423
VID_3551,-30.80967948134928
VID_21555,4389.972266202292
VID_6283,-20.170068126363713
VID_21339,-30.80967948134928
VID_4552,1098.6864137478144
VID_4496,1063.7202630792988
VID_22851,9006.653424834434
VID_33,3525.4969734849888
VID_4228,5557.968647705092
VID_19597,7.86201609926356
VID_21870,4203.46632709474
VID_4652,-347.8118644221329
VID_14972,389.6787210593955
VID_1408,2737.4239557470123
VID_10738,2540.375577317065
VID_21500,-20.440394294383726
VID_18199,359.5251967064578
VID_7610,6229.9742623604225
VID_15713,-30.80967948134928
VID_6689,-21.223582155076524
VID_4672,1362.679264605087
VID_5927,150.87823932779318
VID_4332,2605.180727405003
VID_946,486.576853120313
VID_4513,10448.45224760026
VID_3091,1383.081069189313
VID_18099,245.40556193484204
VID_1249,8752.665244516933
VID_11207,336.58556856008903
VID_18054,218.10503989636547
VID_20142,-108.27498776238868
VID_17136,1794.4607314457664
VID_16483,4570.430370848384
VID_102,1240.459949440074
VID_19883,130.58900191268597
VID_7418,-21.384964305099682
VID_1436,5550.8195397929685
VID_21104,4487.895212114033
VID_6601,1003.1310735704726
VID_12925,-218.37127924114472
VID_23526,-124.15423756241462
VID_10373,-22.86779453359773
VID_13688,3165.482674089127
VID_22400,967.9792000473888
VID_2450,-30.80967948134928
VID_15393,303.38251857305323
VID_2648,857.130544420277
VID_18881,-30.80967948134928
VID_7290,500.90697031031124
VID_19835,-21.08899720221928
VID_12168,-30.80967948134928
VID_23510,522.4390847951365
VID_17461,153.58576450435774
VID_10966,18970.523609836222
VID_1462,5624.085240814756
VID_18383,3658.8581144747127
VID_13658,12162.580314379506
VID_14678,1917.6957756997788
VID_8217,3330.7500019417826
VID_9278,-92.00467827276084
VID_5193,-171.75147570673965
VID_1978,4954.691172989014
VID_2655,9984.520119542809
VID_2283,50.165159174416466
VID_20377,3094.4755701347594
VID_1538,852.7419528131456
VID_5764,6946.394001905923
VID_6213,-30.80967948134928
VID_18852,1293.2386717068791
VID_18267,3274.818607081415
VID_15039,2782.4494287026346
VID_5959,204.63365295880104
VID_22931,-30.80967948134928
VID_1321,532.5927982245032
VID_17676,-30.80967948134928
VID_18921,1105.4882272430953
VID_14791,41.04754198524487
VID_21495,-105.38798302872779
VID_6570,3265.5084127772247
VID_2700,-271.0056622735147
VID_16589,1901.0510612235664
VID_18376,5271.268999970673
VID_891,2610.957372331366
VID_738,4388.9213638640795
VID_13266,1121.6536837146753
VID_23251,136.88923808166535
VID_16498,-276.86741259914305
VID_23265,-231.82216934467104
VID_16164,877.9190544496391
VID_779,6021.880002793582
VID_7986,4802.545988424532
VID_19349,-68.45929059185455
VID_2346,1732.6263538492065
VID_17752,-30.80967948134928
VID_3429,-30.80967948134928
VID_3290,-30.80967948134928
VID_2659,1003.7329984591446
VID_1449,19841.72251694131
VID_15376,2137.5458284840765
VID_21154,119.325437144951
VID_10758,3710.308832144164
VID_3403,190.5302831054033
VID_9283,287.64537380016776
VID_21863,287.0368726638291
VID_12530,15.031877982363582
VID_17712,-30.80967948134928
VID_10412,-21.021398173782163
VID_4473,513.0407052370379
VID_13480,-30.80967948134928
VID_1047,2648.056837007616
VID_4385,112.04861800157674
VID_22576,-53.50956084059063
VID_7369,8265.637683420082
VID_9325,144.57788801723328
VID_808,290.4531603660592
VID_4016,-30.80967948134928
VID_3664,1666.376292469679
VID_13543,1446.1803254698195
VID_3781,-22.817581418838806
VID_7601,505.89865226636135
VID_2326,525.9250864652934
VID_1166,4065.173628586889
VID_2017,-227.4116974076956
VID_15861,53.889235494962385
VID_15526,94.17715602991355
VID_11073,262.2411769921302
VID_23553,-56.48661162398397
VID_21554,1833.9381049805763
VID_17164,2253.616177351145
VID_8699,-27.867759926563824
VID_6979,7242.533721242757
VID_19528,-30.80967948134928
VID_15329,3878.5090994602383
VID_17902,2702.782527613633
VID_19209,942.0484592856074
VID_9759,1617.8950803640082
VID_1641,642.254817485117
VID_2047,7331.929768024345
VID_16224,-30.80967948134928
VID_20758,638.716451592607
VID_17410,-30.80967948134928
VID_2362,1472.6280772714315
VID_2774,-30.80967948134928
VID_5569,-233.67920156928048
VID_15722,27.116135747880172
VID_3985,2412.5132142257194
VID_17546,1037.5574893938347
VID_22256,252.7473848117349
VID_15767,-30.80967948134928
VID_2446,-30.80967948134928
VID_2426,2772.2358060509355
VID_22748,4761.828719344276
VID_8250,1169.0130040903007
VID_1076,384.8029743330296
VID_10845,5113.907547488707
VID_14024,-321.3709629558793
VID_14066,-20.224020884707578
VID_6495,97.18830036380349
VID_11083,4299.059304081842
VID_9712,1122.0692548245509
VID_492,-276.6231305800814
VID_20815,92.3720508918705
VID_12344,351.4334293085629
VID_22058,25.9088208377921
VID_23523,697.8545697416714
VID_13752,8889.47420946458
VID_6415,-21.677813742599852
VID_7582,4732.335858485367
VID_16220,-30.80967948134928
VID_14850,907.1947614300788
VID_12012,907.98880667927
VID_16394,232.16665597898307
VID_9670,-66.26328399583277
VID_3890,1745.765756991528
VID_18341,1317.6127757489915
VID_9101,54.918170068776476
VID_17846,3947.5915588993985
VID_9912,3002.241992923022
VID_11472,901.3640995946103
VID_3341,-30.80967948134928
VID_4752,-30.80967948134928
VID_2744,206.27621414416953
VID_4607,6183.084343079381
VID_5427,-30.80967948134928
VID_1585,14824.156634485775
VID_21553,4391.729228732505
VID_2915,1097.8083492871435
VID_762,1868.8008442556636
VID_6186,-28.043132376501934
VID_6989,-30.80967948134928
VID_17223,322.5346499217043
VID_18860,228.96505052170576
VID_20161,-91.06467800124865
VID_2578,3139.777018635856
VID_5233,-19.62186505392346
VID_2441,978.7523722327563
VID_13270,1150.1881357056716
VID_20433,274.8605410792546
VID_3644,-30.80967948134928
VID_1514,1408.4907879516588
VID_22481,3033.9424714871457
VID_14913,-121.81163633890374
VID_16026,-30.80967948134928
VID_17704,-30.80967948134928
VID_17379,7301.999935205726
VID_6630,1509.9091105418834
VID_15734,-30.80967948134928
VID_1494,10231.499391238114
VID_21836,1097.6287018482906
VID_14953,6108.883292095225
VID_15288,5627.946217566419
VID_9404,1939.9750753603741
VID_5406,322.5484090581511
VID_1817,-30.80967948134928
VID_19464,-30.80967948134928
VID_5768,2961.164492344566
VID_19788,-30.80967948134928
VID_10808,5704.146231502456
VID_17505,849.9533316233258
VID_15995,-53.522409548037785
VID_7354,-223.5581128221131
VID_20351,457.01932346137517
VID_4782,-30.80967948134928
VID_15485,1328.5431376714096
VID_8619,2370.5552202182557
VID_22605,237.47617759917628
VID_20207,342.7788284490701
VID_3174,-30.80967948134928
VID_23315,105.60668676183916
VID_12199,449.9289477242125
VID_17773,-23.306417504447506
VID_12548,-467.62549322959933
VID_11431,-90.5900008034625
VID_6709,-20.692703210465307
VID_10822,6670.745016097104
VID_8464,5703.592683382036
VID_11700,1.5101336199528057
VID_15946,-30.80967948134928
VID_22427,67.41670001689424
VID_3670,544.4663756537891
VID_19079,-182.60213085325537
VID_16611,-20.481842953211796
VID_17858,201.74792889778044
VID_20749,-212.82386004902784
VID_6217,-308.049079542631
VID_17338,-30.80967948134928
VID_5399,-20.404879837506332
VID_5468,411.15963231084373
VID_3557,-30.80967948134928
VID_23505,635.0280158840008
VID_12088,982.1471549316551
VID_7221,3803.9757092598543
VID_18481,3318.197959054825
VID_13192,2031.9336911532505
VID_16863,-30.80967948134928
VID_5054,736.8438896523108
VID_12975,5138.379135599673
VID_21783,-233.86923960201008
VID_9357,114.27133669649483
VID_8894,1181.1683638787601
VID_3305,-20.514673262753025
VID_4707,74.5033694766493
VID_8448,7075.9300068750035
VID_17151,41.61941790785089
VID_9846,588.2282558999366
VID_15154,6153.668059646253
VID_16794,-229.26128658757256
VID_121,5202.082152713321
VID_7847,-21.394841323437795
VID_16209,-30.80967948134928
VID_18075,-91.97828044294873
VID_2791,-30.80967948134928
VID_2802,-136.52536872552514
VID_18955,105.71038920505491
VID_15870,68.98101306585595
VID_3808,-18.885601776759948
VID_22619,-30.80967948134928
VID_18407,720.8430730942321
VID_4381,1161.2166154241593
VID_5156,9592.090655572605
VID_8299,746.1661956703642
VID_4166,-21.218522526375075
VID_339,3552.1554771806595
VID_8476,-202.895494155028
VID_10494,2571.7133921055024
VID_15819,-30.80967948134928
VID_16240,-30.80967948134928
VID_4179,-3.3177915379936667
VID_19261,-97.28455960761788
VID_13150,-197.90759557500147
VID_23213,-30.80967948134928
VID_19387,-30.80967948134928
VID_18482,2221.12959754309
VID_21176,5737.297747519525
VID_12966,13117.207948928935
VID_8887,732.9597232589332
VID_19996,-43.81440811708908
VID_18408,5634.924455345993
VID_8276,985.4214057980821
VID_6352,-20.646461107684157
VID_6445,-21.87974869458223
VID_20387,1050.3632276432043
VID_9546,2541.6968222431983
VID_21790,49.987569410212735
VID_7654,176.54282929497785
VID_16712,1424.5623343042723
VID_10840,253.6756780722816
VID_19999,-154.26561103392558
VID_13822,4953.404253761313
VID_18980,5514.179229689857
VID_10008,407.34623876814385
VID_4530,4565.150818076985
VID_16351,9940.049145464012
VID_15778,-30.80967948134928
VID_21149,-30.80967948134928
VID_4818,-109.80813588879728
VID_11049,14414.347907773317
VID_7002,-30.80967948134928
VID_878,322.934424325946
VID_11984,-22.22575584089743
VID_15141,11504.278287946972
VID_218,-370.7471733865054
VID_11124,1960.1232455657291
VID_16095,-30.80967948134928
VID_18327,2575.858151325999
VID_11341,3811.33336668722
VID_9023,2886.8722021659837
VID_12220,2019.4835152729715
VID_22437,522.2828145233684
VID_16257,1356.3880742228434
VID_16551,-30.80967948134928
VID_18659,699.961365569701
VID_21731,-23.673369574299734
VID_16612,-127.74735647096732
VID_741,-30.80967948134928
VID_4741,-30.80967948134928
VID_15437,932.0093111371988
VID_16979,623.7066974791214
VID_6796,378.84748840132056
VID_22820,-238.91284556238654
VID_3926,-20.10886545118827
VID_3214,-30.80967948134928
VID_22874,8074.359776522474
VID_10811,1881.8178101385322
VID_8140,-30.80967948134928
VID_16038,-30.80967948134928
VID_3998,2832.770023130826
VID_5744,-23.27485109689743
VID_797,6554.934024564895
VID_4270,2472.2683588400664
VID_5027,-30.80967948134928
VID_16970,2880.7416904516026
VID_13237,2169.098784303449
VID_19787,404.29015564999924
VID_2360,1740.8755200753537
VID_17808,7475.072661531847
VID_22556,4807.528543863585
VID_6448,622.0026640947824
VID_12337,4.669999761417365
VID_19338,-69.54714175329495
VID_18567,318.252424354085
VID_5157,3711.134615834513
VID_19874,43.43437449148431
VID_6210,-21.843468202292996
VID_13174,3.1107635097819544
VID_20275,55.17156580880968
VID_4834,-30.80967948134928
VID_10627,192.3786249334951
VID_8658,2715.367740202575
VID_16787,-30.80967948134928
VID_4001,-30.80967948134928
VID_3869,211.89233505066724
VID_10192,909.7382443268323
VID_10191,7617.6299472978
VID_20157,-16.596891037409215
VID_633,341.5705411054994
VID_20398,-61.16925551603182
VID_620,471.8500641557908
VID_17579,-150.78164670623184
VID_15683,-21.038614355047404
VID_22472,-30.80967948134928
VID_16133,-254.1925641399466
VID_2723,3989.6629015850444
VID_23463,1131.0448949937768
VID_19433,11.08666370150312
VID_1258,1613.7264684201525
VID_19005,1747.8782076857394
VID_13785,176.6858384842264
VID_13072,149.741917446092
VID_17216,765.4577490903671
VID_18241,1438.7345976066429
VID_695,1198.1065191783227
VID_7968,-30.80967948134928
VID_11393,3552.071558047357
VID_9040,-30.80967948134928
VID_17373,8216.993346920372
VID_23010,1031.5940027645813
VID_9034,-30.80967948134928
VID_10678,-20.489972346399092
VID_9438,518.5414388572344
VID_18624,1010.6063249056007
VID_23585,7333.869091800258
VID_22259,554.4706340447708
VID_12381,2756.297950964084
VID_23529,-24.374927827275734
VID_8433,3978.6606465179325
VID_6543,3578.592304246894
VID_17147,3710.758915691339
VID_9693,-30.80967948134928
VID_11400,2093.094562353294
VID_14868,4199.433493431523
VID_22158,-455.4329394808371
VID_12391,1976.8522132007427
VID_13194,-30.80967948134928
VID_18136,4881.967477624877
VID_7356,5800.484955225654
VID_2548,-30.80967948134928
VID_21902,784.0854683117635
VID_1017,699.8740670563317
VID_11027,9258.375454214553
VID_5825,654.7556191437259
VID_2288,542.4126059546254
VID_5896,2073.7570804161496
VID_8107,232.71205978299977
VID_7877,-30.80967948134928
VID_6636,395.6657619412494
VID_19179,-19.973863431186395
VID_20492,-111.25189085221494
VID_22422,2095.9450315743734
VID_4835,-30.80967948134928
VID_10209,6855.32978815344
VID_10051,1990.5373177779632
VID_21646,5219.01371235576
VID_20903,-30.80967948134928
VID_6143,438.74144307353987
VID_3154,-30.80967948134928
VID_4902,179.4017285461678
VID_21950,51.43726945150926
VID_4699,142.0457351136687
VID_18711,3901.558437802443
VID_12978,11808.048407664533
VID_3507,-30.80967948134928
VID_20562,5342.060914323285
VID_20961,-31.469425259918317
VID_16426,-13.60865501972177
VID_23661,21.859800848324916
VID_1678,4986.721743813268
VID_7006,-30.80967948134928
VID_11426,278.6902556105594
VID_8634,9510.005950468667
VID_14700,-205.4300910309826
VID_1770,8219.667169607723
VID_13216,4673.536602273577
VID_22569,2854.3995133465373
VID_715,-151.7542790429372
VID_18368,1705.7612604246337
VID_11494,1225.3283554273157
VID_15003,49.844108638748075
VID_21715,3202.7371053852303
VID_4169,33.46080331963327
VID_22264,508.7362550833253
VID_2968,-20.95947246861337
VID_12447,2345.3059607073424
VID_9778,1257.8279866976784
VID_15121,1537.6449314359272
VID_3824,-19.9356085441478
VID_6956,-30.80967948134928
VID_4669,2415.185433979151
VID_16711,433.1677751914047
VID_3694,1520.6374470309127
VID_6768,-24.458493105881878
VID_4194,7448.899801533842
VID_19571,-110.25997210890968
VID_9057,-30.80967948134928
VID_23283,-115.84430472721438
VID_14692,2360.9805625551426
VID_6076,-181.780832680653
VID_3807,953.1416584303164
VID_9145,9387.882217050024
VID_20159,-21.50604693433089
VID_10295,1961.3608667155686
VID_3501,-20.92817601594307
VID_19021,253.51502163986825
VID_18643,2970.78748448414
VID_9490,12806.557659967624
VID_2822,-253.49744370512937
VID_19575,-20.769558786830306
VID_2973,118.64294239018847
VID_12902,-24.27437787784237
VID_5057,5475.757190472668
VID_20090,-20.80242401671697
VID_7915,1523.7491605716755
VID_19371,331.15574300834766
VID_7190,6392.642039220724
VID_19870,249.61905614199785
VID_9870,592.9549294670497
VID_8285,503.8679653942293
VID_18128,11271.297110719175
VID_207,7.817332117041573
VID_23719,552.4950884838431
VID_21477,-20.880166963237205
VID_1009,1167.493509267045
VID_15931,-30.80967948134928
VID_22917,1427.051611114346
VID_4589,-118.61224461938077
VID_8458,2101.130940291927
VID_2796,-328.9674514280241
VID_15542,-30.80967948134928
VID_22408,5254.318807505483
VID_15124,2674.2660070065817
VID_17825,2661.9101009787796
VID_473,-87.46271430166304
VID_10437,406.75393823303733
VID_1701,275.7667930727621
VID_7055,-30.809679481349278
VID_16785,-30.80967948134928
VID_5662,-3.0189169342014632
VID_20873,2497.1657623596802
VID_1767,2064.9570830631806
VID_17638,432.89632977799
VID_7439,-246.84877260087168
VID_22736,11948.889004335622
VID_2063,-20.19633844574734
VID_6782,2263.60061321155
VID_8267,306.03156299176425
VID_16222,-30.80967948134928
VID_19217,-20.1552402815134
VID_5556,5015.914610553476
VID_2781,-122.97149842874951
VID_3398,-30.80967948134928
VID_20734,520.5470111124048
VID_12911,-16.4751170811705
VID_21097,1056.5733692908009
VID_12933,9246.079692205149
VID_3493,-377.43429071449646
VID_3974,-30.80967948134928
VID_10334,-21.38092890066459
VID_22024,771.8184057523387
VID_18595,43.18787426387778
VID_22391,804.4776190936723
VID_6879,2098.243067568043
VID_11227,2099.4020666461397
VID_17843,5696.178450481637
VID_422,5910.963524319934
VID_10140,-30.80967948134928
VID_18713,8415.824930494837
VID_21126,-30.80967948134928
VID_19326,-104.60404743343464
VID_23094,-73.49542762067993
VID_21607,2607.8096772596496
VID_2816,-237.40771553415195
VID_12093,236.9244960418508
VID_8251,172.0813329096244
VID_18894,-30.80967948134928
VID_19060,1528.2250560745772
VID_8749,3651.223031676063
VID_9961,2837.333405717593
VID_15789,-30.80967948134928
VID_17148,-150.89374973983215
VID_20463,-20.156011905187913
VID_11779,150.30927486604207
VID_19291,1648.5865518987764
VID_12264,3740.640962259235
VID_7103,210.99696630793292
VID_15427,1466.8761015331386
VID_1957,2850.405571814615
VID_13701,626.2004186207979
VID_11675,154.1762507283931
VID_5046,-30.80967948134928
VID_16314,505.6431574021824
VID_18123,4831.62759958624
VID_19678,408.3816378951904
VID_10699,1025.858789049348
VID_9360,2050.878790209566
VID_7925,-277.156640712055
VID_14266,7599.1997003586475
VID_12351,345.43730042942485
VID_8375,-30.80967948134928
VID_13085,4718.77699557235
VID_14627,397.58953338860215
VID_7660,-157.05884440815217
VID_13442,7824.602574809974
VID_18465,552.9519525975404
VID_15695,-30.80967948134928
VID_7070,-30.80967948134928
VID_15025,314.0119169304352
VID_21116,-30.80967948134928
VID_21453,1821.7756140365566
VID_18774,304.56018203263994
VID_16756,-30.80967948134928
VID_5096,-21.580943158775437
VID_4248,-149.95658142156313
VID_18169,743.9150546594469
VID_21841,709.8157984712805
VID_12781,14246.255465503318
VID_16370,599.9551051410947
VID_15825,-30.80967948134928
VID_403,44.98358998441178
VID_4781,-109.32297328720479
VID_12345,336.8762960287335
VID_15538,-311.845208436253
VID_14025,509.5558804826462
VID_16936,4762.222197185593
VID_20095,1018.8659913452208
VID_7438,166.56490461631438
VID_11729,-30.80967948134928
VID_4999,8457.521306297538
VID_7607,751.704045199284
VID_5689,-81.8157708737353
VID_3281,-30.80967948134928
VID_9112,-465.4176697208573
VID_8994,-30.80967948134928
VID_15996,-301.04063948819066
VID_9323,689.5359258340097
VID_18362,3264.9763270847106
VID_11186,112.07836953590986
VID_10392,-20.286612992872488
VID_1255,142.6118674264443
VID_23346,7407.179645376454
VID_9832,7031.776198864461
VID_9940,1492.43860150276
VID_9643,4083.722303780212
VID_16938,1687.8117950706699
VID_1290,3086.5646485721322
VID_3426,-30.80967948134928
VID_4630,-244.98083669174386
VID_21321,205.101328931091
VID_21885,9697.936491287895
VID_7089,4692.149137036149
VID_11630,-30.80967948134928
VID_13119,764.821868893596
VID_20792,-93.67572441492764
VID_17330,1978.460682592198
VID_7240,-289.47590685832796
VID_2772,7225.33025847075
VID_11850,1215.2624805366086
VID_20200,457.11922941777726
VID_15212,5345.491064458189
VID_6943,-21.056696097239236
VID_20897,2865.9428969386495
VID_1388,120.541686652844
VID_10288,6223.276977953692
VID_16511,849.6825090940981
VID_18946,101.11109044932486
VID_16479,889.199347181372
VID_7422,-127.54865074675814
VID_21044,91.31457830332265
VID_1022,1516.060933493274
VID_8836,-19.63731232915608
VID_15949,-30.80967948134928
VID_12758,257.9617128092286
VID_9653,-30.80967948134928
VID_19118,6197.999309514423
VID_13758,5916.168168947141
VID_3984,2513.200011889185
VID_20795,987.7588420471718
VID_23747,9.477171637992832
VID_8467,7543.224644062331
VID_14253,3199.810454652667
VID_16822,-30.80967948134928
VID_6401,-24.02902151454911
VID_7485,187.05625066625308
VID_23700,1978.7294252470986
VID_2664,374.02287536598465
VID_6590,741.472707578691
VID_3594,-30.80967948134928
VID_12185,961.3682556831642
VID_10863,4051.0566966951046
VID_13128,99.65659413785075
VID_17394,956.9126406653727
VID_10118,5944.490252358519
VID_3559,-30.80967948134928
VID_13498,663.7129905470094
VID_14367,1443.6002720743775
VID_20405,10.334271308783315
VID_16195,-30.80967948134928
VID_17500,4292.982942746997
VID_1706,346.05820899212523
VID_1051,5059.0457796115925
VID_15107,4598.486594530267
VID_3247,-30.80967948134928
VID_974,5221.326164469171
VID_7247,-224.32154975423893
VID_20898,-30.80967948134928
VID_5140,-23.75609817876623
VID_5354,-20.708601438504584
VID_862,-77.137176362873
VID_3770,52.29158402608765
VID_13847,5958.655986302558
VID_6902,391.839704349508
VID_10510,2025.9501987319347
VID_20502,1120.6528958029733
VID_16813,-224.66680811307094
VID_15686,-30.80967948134928
VID_6504,919.1743749997181
VID_22493,4903.047727752437
VID_21264,102.66573104293938
VID_2210,-21.000504700953364
VID_15908,8154.904861335799
VID_22634,-87.32864958147157
VID_3721,816.8208783646373
VID_15698,-30.80967948134928
VID_17683,-274.0074342199012
VID_3146,-50.56186879020441
VID_11479,1368.8428391713503
VID_23671,583.5040782027761
VID_7740,-28.11161770122749
VID_1291,7325.203705283625
VID_22681,-91.08716403261612
VID_19585,-50.623545672076226
VID_22393,1142.2643671382639
VID_13111,100.63292687096377
VID_23369,8925.733625095636
VID_18885,-134.49535694178687
VID_5195,-236.06935231677082
VID_19343,262.8455706601115
VID_11184,-199.4494638503712
VID_12810,-20.890182222965706
VID_7882,33.85167103764198
VID_16066,-30.80967948134928
VID_18688,2023.0375092255408
VID_19392,-30.80967948134928
VID_19633,2538.173069028351
VID_991,3243.4037481960254
VID_6997,-30.80967948134928
VID_17271,-30.80967948134928
VID_6893,83.20051513207295
VID_6487,-21.367806799190028
VID_18737,1115.5797731982343
VID_16886,-30.80967948134928
VID_17757,-30.80967948134928
VID_4288,3058.3400428513714
VID_8491,13308.609113442326
VID_9226,462.097296098167
VID_11228,-30.80967948134928
VID_22329,1887.2943895215421
VID_16365,2115.78803873496
VID_16461,11298.014012773096
VID_8243,111.90461358009848
VID_13703,153.28257971884466
VID_8413,-30.80967948134928
VID_20510,524.3624864614264
VID_11330,4764.686251724058
VID_15735,-20.901588384161457
VID_11622,-30.80967948134928
VID_10581,1566.9332071900344
VID_11038,4753.622295905796
VID_20957,-110.45536985322254
VID_1676,6668.719494141166
VID_4613,6632.216610226323
VID_16008,-30.80967948134928
VID_3584,3415.453679151142
VID_1864,5641.132198500444
VID_13943,-30.80967948134928
VID_16911,-329.4796757137496
VID_14835,403.2178790202865
VID_21499,-353.47955313855397
VID_1744,3425.147160352045
VID_21489,81.43140693612324
VID_9505,12991.48099407319
VID_7855,-30.80967948134928
VID_8220,5228.614481874145
VID_20726,287.7662539211089
VID_17091,215.99597134179567
VID_2596,4880.928327630553
VID_6602,7438.436783591329
VID_12640,143.06222492967916
VID_7351,1716.4753977782761
VID_20717,306.81189469694493
VID_20830,6661.83686420201
VID_22439,2497.862854553149
VID_1886,-30.80967948134928
VID_13200,-21.77284401189708
VID_23246,1157.8426875997736
VID_11303,-299.7708652072126
VID_1637,366.6428416574583
VID_4191,1184.665544908514
VID_3250,1012.1040651753099
VID_19430,-83.9127222409653
VID_22757,6780.986154606513
VID_2532,-329.88719323776667
VID_22753,8093.112910815089
VID_14870,-24.679351169596416
VID_1337,3015.91312498461
VID_23507,676.0413096997484
VID_7383,486.6885114745872
VID_21221,-5.010468274838068
VID_2649,582.2943877326968
VID_18849,1547.2496391314758
VID_21545,827.0754594222255
VID_15540,-30.80967948134928
VID_1980,8075.475866581909
VID_20833,2651.585792994886
VID_20003,-30.80967948134928
VID_21982,1063.717981182079
VID_22599,805.8057563868822
VID_1466,2331.8705201215957
VID_1750,3588.782124703995
VID_17845,8353.42960282127
VID_11487,384.6266922735943
VID_11878,5455.461939568724
VID_8818,-174.16659954449753
VID_17025,449.3529082048088
VID_11500,184.8283414338522
VID_17632,-172.52587348679432
VID_6335,-20.16642642369768
VID_16115,-30.80967948134928
VID_6845,479.0236933841797
VID_8653,2144.547383321503
VID_23248,1136.4142094966817
VID_14433,407.4078168531454
VID_3042,-195.83620862350674
VID_8705,-25.766515996917185
VID_13634,2705.413795445442
VID_20550,-21.136418063202317
VID_7395,-322.14400790398
VID_11989,3065.4756025611555
VID_3014,3699.5274208295273
VID_8278,601.3417628113061
VID_14650,332.1125004318988
VID_9617,599.5113377599475
VID_17279,2407.550566763504
VID_952,791.3190204210753
VID_140,8679.256860526331
VID_22429,-30.80967948134928
VID_2263,69.72213129740008
VID_19823,59.12993380369074
VID_1674,6894.434592822445
VID_1620,5018.480465065963
VID_9818,1378.4621456319635
VID_18530,113.52848893226026
VID_11895,5007.56979645752
VID_421,1718.8467740595736
VID_9466,446.8003305823284
VID_17602,387.94374813218377
VID_3845,-214.36334782653225
VID_11953,239.48469917358142
VID_22966,-168.54623546121636
VID_4585,342.77266296160343
VID_9050,-162.67428206892535
VID_19062,-30.80967948134928
VID_21585,-20.816293968308976
VID_19472,-30.80967948134928
VID_23199,3549.537579169714
VID_6044,916.5762868333405
VID_11301,-164.7789757844483
VID_13916,191.7872022779284
VID_15461,-30.80967948134928
VID_16969,1509.702745653833
VID_18216,123.66304619738881
VID_20536,-30.80967948134928
VID_4122,-30.80967948134928
VID_16694,1352.7907831303849
VID_5176,3546.7073030708284
VID_21605,976.8129333843749
VID_509,-20.502287757167043
VID_13572,-30.80967948134928
VID_16957,2516.672858894042
VID_9876,1537.7333374856908
VID_5737,-19.410714346116684
VID_19766,216.34638883056599
VID_19778,-30.80967948134928
VID_12550,438.45088370733816
VID_8287,578.6383062354571
VID_22506,5399.990842481648
VID_2524,-196.4843730421825
VID_7535,-1.875277124358989
VID_13143,306.0475561934814
VID_23761,7.8079626066758365
VID_14063,185.69084111181013
VID_6909,3720.412638441953
VID_12319,582.7665329643091
VID_11749,-30.80967948134928
VID_17725,-111.32011830097589
VID_6462,-10.545235123602836
VID_16633,187.56770095095504
VID_16391,159.58795640020597
VID_4603,67.64676691223626
VID_2279,-213.12697397568954
VID_15072,-314.258184076428
VID_21812,5905.871401984183
VID_4986,198.82797357416555
VID_23509,6205.257957247832
VID_21852,3855.4858211204573
VID_2743,-21.12063137541171
VID_2506,2241.2118276581305
VID_1351,5096.184326307857
VID_806,152.0437844436129
VID_845,58.09041110697567
VID_19892,-30.80967948134928
VID_13970,517.9588597432448
VID_19321,-30.80967948134928
VID_10265,7489.863308437907
VID_4576,11423.52016389109
VID_14221,3088.0865150730574
VID_15855,1809.9120467681666
VID_10644,67.75173627210009
VID_19372,-30.80967948134928
VID_5167,7162.166347163349
VID_467,-388.4615915345452
VID_7271,894.6930209942059
VID_20206,123.42201022074771
VID_23132,11062.403287238852
VID_19688,1255.5696835830706
VID_3487,-30.80967948134928
VID_20701,72.42381117631005
VID_13525,-21.03092157110148
VID_4076,290.2570414473399
VID_3026,-24.677208110495407
VID_5349,6581.8260655232025
VID_21331,-30.80967948134928
VID_12561,1050.7086976332505
VID_19216,-22.560314144016154
VID_14353,6008.939661760561
VID_1753,5033.669995992743
VID_1505,733.2890616181456
VID_20767,-217.10122356856945
VID_3187,-30.80967948134928
VID_573,-21.17114642824167
VID_12147,-186.52080860222864
VID_16065,-180.091376259464
VID_2897,682.2955311370852
VID_8435,3388.8127616389697
VID_20803,4533.014856220105
VID_18457,625.0778659856953
VID_1843,146.82833509852435
VID_7725,13385.561397951245
VID_5479,-20.862403102568297
VID_13088,233.3579030994504
VID_11708,-98.84465604575583
VID_6035,372.943818363973
VID_12426,1554.2457037708502
VID_5651,-30.80967948134928
VID_382,383.4323949362116
VID_5139,7805.20256238795
VID_4575,6725.212132647048
VID_7543,2753.35286021294
VID_8900,272.14282657697316
VID_2939,2179.4552523275675
VID_10575,3875.93705599162
VID_16411,10990.49535120563
VID_5060,8539.277045801615
VID_23060,425.5395575485018
VID_5148,-30.80967948134928
VID_14243,59.7781292125837
VID_150,6450.158513975514
VID_2460,5215.242379926174
VID_8473,3528.4885538161793
VID_15463,-133.00941135749454
VID_3821,-134.34434311762922
VID_20967,790.6559378634786
VID_1169,2719.6579755524986
VID_5090,118.49393104522557
VID_640,6.048650908060232
VID_3538,-30.80967948134928
VID_7633,676.5395711569533
VID_13520,-168.02069430952767
VID_5161,4093.7940607913183
VID_8585,1858.0581140363242
VID_6573,103.08862353771711
VID_1715,4994.885564179596
VID_21369,2600.699599673275
VID_20228,130.3150186828082
VID_4864,-22.806389400899302
VID_5282,-30.80967948134928
VID_3509,-21.023948597497398
VID_21917,2354.3308860976344
VID_22475,-259.5342743279508
VID_5872,3713.3019385510715
VID_20544,-30.80967948134928
VID_22972,1343.8431883694889
VID_3966,4622.719297722649
VID_17079,-30.80967948134928
VID_15780,-272.7776849909971
VID_22901,1096.4216726594564
VID_20557,75.67285599138235
VID_11221,4251.5031257263845
VID_18963,394.17665943659864
VID_13992,-30.80967948134928
VID_21660,6702.956082901566
VID_4753,-30.80967948134928
VID_7803,-30.80967948134928
VID_14124,-321.17376066957826
VID_19041,4655.801207220671
VID_11030,39.08254437602897
VID_13826,1981.3859072026376
VID_6478,128.80017762026694
VID_10196,6967.147498388785
VID_10098,3238.754450036206
VID_16088,-30.80967948134928
VID_3716,311.8384086316326
VID_16741,985.5897394466579
VID_10561,-23.725426766747155
VID_12794,178.1403817845957
VID_4121,-20.032340237921932
VID_595,-7.52865057199878
VID_20627,-30.80967948134928
VID_12260,1143.2969882801783
VID_18856,4651.050342049371
VID_5722,-242.1007572488422
VID_2613,397.32773422748687
VID_17559,511.27959696559475
VID_1221,630.0825038925902
VID_8210,93.86975543901426
VID_15497,-30.80967948134928
VID_9615,1712.1688166919346
VID_21,3527.998252985005
VID_13138,85.87981348696312
VID_5442,189.50873900954068
VID_14541,1465.1981589806114
VID_782,7165.018590236175
VID_3270,-22.34241006326804
VID_11097,25335.963759480037
VID_1582,2073.8262332111044
VID_14403,-30.80967948134928
VID_9916,1145.3424013674223
VID_21763,6948.9167015394705
VID_19126,419.9379988781664
VID_20631,-30.80967948134928
VID_9577,7696.919623323973
VID_7170,2246.889576612073
VID_1334,394.81267494570983
VID_18537,5025.615008035935
VID_4341,1100.3608835705695
VID_19408,-30.80967948134928
VID_18330,1617.5468198327621
VID_8528,11625.175347490416
VID_11628,873.0602759125027
VID_3444,-30.80967948134928
VID_6934,2407.9679106277067
VID_11638,2439.007625125186
VID_12731,1129.0666682247315
VID_17261,-217.05580117518159
VID_8181,-30.80967948134928
VID_485,-30.80967948134928
VID_19748,767.3381378278366
VID_17180,1912.3602059969664
VID_11171,-12.888068877376412
VID_4561,-30.80967948134928
VID_8483,6728.1142919973845
VID_12085,-157.99848028478317
VID_21003,1681.8150821673255
VID_17589,164.21987571671045
VID_6507,671.5205675144846
VID_15101,215.41302140792922
VID_5576,351.91549934502626
VID_2828,-286.9746975059982
VID_17756,-22.908836157848153
VID_17893,-30.80967948134928
VID_8745,170.64557984727452
VID_23565,753.4995207696101
VID_11642,818.4695497020564
VID_10176,4973.32312461181
VID_22978,1218.3102003173299
VID_5276,-111.43468216270703
VID_19178,56.77463572840808
VID_8917,381.89301275302734
VID_6830,-20.449118262327023
VID_12984,6104.372301242777
VID_14382,-27.37661138750132
VID_23092,1191.7186159087817
VID_20337,-135.6928684036146
VID_8155,-30.80967948134928
VID_9254,-30.80967948134928
VID_14477,3711.73766386478
VID_9412,-161.65426264630102
VID_21525,-30.80967948134928
VID_16779,-30.80967948134928
VID_6980,5644.970467391771
VID_23676,1325.4515821871266
VID_4620,-30.80967948134928
VID_9444,93.30952138770662
VID_19245,-92.94304551138175
VID_23079,-32.395742143103426
VID_19440,-30.80967948134928
VID_12843,84.04477137695066
VID_10535,2343.081424867184
VID_4454,-30.80967948134928
VID_19838,250.59412786802002
VID_15979,-33.20627987283316
VID_5131,-123.89084973274862
VID_16914,-383.3948333161522
VID_3565,-30.80967948134928
VID_9250,-92.80600303534966
VID_9319,-30.80967948134928
VID_8579,13965.2281686779
VID_12492,-20.806859266999375
VID_11274,5846.093192427472
VID_344,-30.80967948134928
VID_12326,836.4256558945967
VID_20844,3045.9824211617215
VID_12795,10.595551783022408
VID_1880,-30.80967948134928
VID_9528,7377.686529810982
VID_15000,840.7254623094857
VID_13555,65491.61169862424
VID_23007,1559.527346417339
VID_21730,618.8160309152411
VID_14800,-30.80967948134928
VID_20283,-30.80967948134928
VID_15092,-21.61709737121056
VID_11319,-264.0106236221288
VID_14250,124.08710369856207
VID_15481,638.8307123860723
VID_2275,-30.80967948134928
VID_19697,-35.69756221915259
VID_17907,-151.44624630444918
VID_3482,-242.57671747523403
VID_11970,2399.8509294493083
VID_447,3539.763968263134
VID_15075,411.973445477594
VID_16514,16305.442114463645
VID_8305,3071.811024232023
VID_12219,121.27500043812405
VID_14358,2192.181420838798
VID_771,473.74379111241325
VID_11177,-205.32084888651
VID_16404,75.06268776394768
VID_1384,-116.54780540355638
VID_7461,-207.9374683775085
VID_6715,-24.418805582219292
VID_3756,-30.80967948134928
VID_11198,-218.17944999420885
VID_21752,65.41572747259353
VID_60,1303.4387946269944
VID_529,-448.9898174847389
VID_19721,264.0354043071482
VID_15164,4758.195010485376
VID_6683,-175.37403509701753
VID_11137,2612.4056213604254
VID_20212,-181.14313973588375
VID_12844,-53.516746447714254
VID_6439,-30.80967948134928
VID_8543,8247.465316831773
VID_18672,6152.341779732601
VID_18178,-30.80967948134928
VID_23567,5679.112683401476
VID_5316,-30.80967948134928
VID_14029,209.0704999389886
VID_17924,601.9181530609826
VID_17516,-30.80967948134928
VID_10619,542.1147778906573
VID_13580,-20.362275355196335
VID_13923,-30.80967948134928
VID_10723,4057.5651992327034
VID_15057,6341.620179617086
VID_17841,7636.635581944887
VID_22968,755.6241767859678
VID_791,2311.1628738437053
VID_617,510.821652390222
VID_4383,-30.80967948134928
VID_23611,2085.2597856870407
VID_20396,7611.436998721892
VID_2123,7239.343171426596
VID_5815,622.1435641890382
VID_3671,2488.2747107496184
VID_802,-21.792708566601735
VID_17002,1700.6038501669575
VID_10565,52.34873649131753
VID_6828,1252.160948886674
VID_6426,-10.184588358934258
VID_16005,-52.23725893842846
VID_8947,-2.754136138868945
VID_149,-20.32927230840009
VID_9661,-329.4315734853748
VID_3674,1692.0218275064788
VID_9102,544.3332754752091
VID_23375,4337.51517304332
VID_6236,42.169044777225416
VID_9935,7439.424035012957
VID_15403,3760.184047841141
VID_2985,934.5843539822645
VID_13620,6273.103433192798
VID_2093,-336.45119306493933
VID_3067,-10.435756543269454
VID_6724,-204.9551801538192
VID_10706,-23.102523291030423
VID_12871,181.48773082369738
VID_2523,1409.078294963704
VID_17781,6082.445197728619
VID_15348,315.7643327219685
VID_262,164.074673088151
VID_11547,591.4958674529771
VID_1121,812.1450831441259
VID_402,-21.67412840597402
VID_8223,6899.2849346108615
VID_22197,4809.472477842686
VID_10907,5169.369166353648
VID_7503,-312.70790332432006
VID_5978,175.76130652370355
VID_5952,-30.80967948134928
VID_916,-19.680990908118737
VID_16769,84.71102793892149
VID_2954,-30.80967948134928
VID_4046,-22.593608716325743
VID_17053,143.4345221397164
VID_5404,-181.27306882175387
VID_7077,-30.80967948134928
VID_84,1142.7400402748883
VID_17087,396.43348033315965
VID_5579,-10.895195883421449
VID_14726,3034.234412011218
VID_17621,12546.821074305912
VID_5885,1742.3182798478385
VID_20203,-21.757444687211226
VID_7701,14897.405440818093
VID_20099,-39.56746303154827
VID_3236,-30.80967948134928
VID_19013,1074.159709859265
VID_21688,8737.035736270165
VID_13544,46.57440400020751
VID_15586,4442.778158017381
VID_6249,44.72109569016098
VID_3969,450.44892406174444
VID_2728,13736.31889995348
VID_12235,468.6125991111525
VID_16067,-30.80967948134928
VID_15083,3602.862282571229
VID_21143,-30.80967948134928
VID_7389,2.9933224485361696
VID_7405,-30.80967948134928
VID_19975,5223.8926513197775
VID_13595,1925.1215909151163
VID_19444,-30.80967948134928
VID_17191,1335.4676964262785
VID_13991,-30.80967948134928
VID_12365,-24.508398270710032
VID_2629,4925.039031535494
VID_9543,1098.4372560080553
VID_17398,1401.1829979566148
VID_16943,2931.0385575510522
VID_3972,4405.722760245946
VID_18675,9871.170832980344
VID_3624,-30.80967948134928
VID_5407,-166.42880111837022
VID_15170,4499.121440473405
VID_8886,72.3796426921518
VID_10579,154.0978438840901
VID_6658,6619.325726631327
VID_22386,183.72770719970495
VID_18513,350.7048372625681
VID_19074,2847.8591020190984
VID_8524,8328.82135166787
VID_12135,-20.09888248831
VID_1718,-30.809679481349278
VID_7412,173.25064191491563
VID_8309,183.89387394831195
VID_182,-30.80967948134928
VID_13436,920.1398849968002
VID_16904,-30.80967948134928
VID_13214,2923.8558517304623
VID_294,986.4999990138438
VID_8478,3800.2983086387003
VID_10481,798.5498084033727
VID_18958,-30.80967948134928
VID_12424,184.54568614752756
VID_9387,640.8762257011771
VID_10460,-30.80967948134928
VID_7164,1409.8903541629322
VID_4706,-329.2766714797396
VID_14480,140.58435230565252
VID_1446,11353.203650308398
VID_1995,19.138447138085816
VID_2425,-298.1653042958732
VID_22544,93.27845158326492
VID_11975,-30.80967948134928
VID_675,1302.8515018490773
VID_19755,-30.80967948134928
VID_10646,6764.153763260576
VID_2549,-28.2224548545737
VID_5480,388.86086617757786
VID_4514,13680.900518172142
VID_10899,2789.7362290859596
VID_3573,-30.80967948134928
VID_5753,5010.7640863594315
VID_23596,-30.80967948134928
VID_16203,-30.80967948134928
VID_2463,-16.63525042242432
VID_21807,25256.044133949115
VID_16103,-30.80967948134928
VID_21266,572.9927327603475
VID_5365,-71.7590546646838
VID_7497,-20.00427434425707
VID_13829,3786.1751034989143
VID_18382,642.0398926741864
VID_5014,4877.124911809473
VID_19879,-17.742201942908828
VID_20333,994.9877529364123
VID_23578,-30.80967948134928
VID_2338,2348.8263609757946
VID_8743,712.4027992582767
VID_15709,-273.15310648088956
VID_16774,1990.244599360062
VID_2756,302.49221437041643
VID_20158,812.0563879899385
VID_15226,2164.882073598554
VID_15620,5903.641049672465
VID_15878,55.95768035142127
VID_13221,7723.54098252757
VID_9764,1932.0520852724374
VID_1130,238.0772790247776
VID_13049,-30.80967948134928
VID_1953,6284.3582357571595
VID_10645,7098.328898135091
VID_3810,1537.7693802616373
VID_3280,-296.0723100487362
VID_4655,3158.69165696798
VID_20083,1053.0792238082852
VID_22404,14671.28819641646
VID_2978,5638.769971430795
VID_22782,2876.575083849445
VID_18288,7344.984549023795
VID_20440,1434.1953357445875
VID_6156,-132.26786032993775
VID_15748,-30.80967948134928
VID_8635,12398.986340826414
VID_23031,1414.8994110932215
VID_7806,-333.678634107856
VID_11158,140.16018493817782
VID_3708,-7.098154483767267
VID_21878,2895.381614166661
VID_23630,406.8590634995907
VID_13965,571.88228095458
VID_21867,2299.5307659804444
VID_21630,586.9403561189063
VID_10037,5462.717437780483
VID_5425,2428.1231397011243
VID_6579,708.5509254763872
VID_5783,2970.3960559114116
VID_19091,-135.0420299026475
VID_250,-21.112670641885558
VID_13899,1248.1015115531238
VID_20798,84.11868359494274
VID_1969,914.0847079124168
VID_4460,1115.3037565185039
VID_21761,6488.435161443159
VID_13914,203.4874393656868
VID_5083,5795.521963709543
VID_12574,4104.690819002586
VID_11835,2280.229950746889
VID_16824,-147.98126429565485
VID_22797,-23.868638767733895
VID_7920,397.65075519150554
VID_17282,-234.68416097761676
VID_16013,-209.15273281917237
VID_11445,1384.50646765557
VID_11855,154.32890386095394
VID_11652,4600.329299478411
VID_14294,4276.118465425964
VID_4043,-30.80967948134928
VID_4360,8460.353309836515
VID_9338,-25.045341242431828
VID_3401,-46.180893630944965
VID_656,379.876788670313
VID_17280,5911.15380637166
VID_1791,2714.4837508090054
VID_9731,459.46898009782655
VID_16630,-123.77322582560824
VID_17694,-235.80335116699715
VID_14683,440.6983390718385
VID_1854,-175.36149959598097
VID_2142,7066.320908998723
VID_4338,2387.786875566495
VID_17744,-30.80967948134928
VID_2867,91.17898361985152
VID_20972,-256.57096100942914
VID_22792,-30.80967948134928
VID_4274,-20.32504075757452
VID_20146,2862.6464822442404
VID_18434,-30.80967948134928
VID_9708,445.1595389120302
VID_5536,306.499913802932
VID_22983,615.0168083075921
VID_17625,-246.5870532335691
VID_16869,-30.80967948134928
VID_22047,117.13114414435886
VID_3140,-175.05578616868243
VID_3813,-20.42375821462813
VID_3999,3543.759219373836
VID_20787,6203.232120450821
VID_11409,534.9418144325052
VID_20163,562.2943636894494
VID_22369,6611.700043063148
VID_7500,-26.604062639862672
VID_7724,13815.58195698013
VID_20622,-30.80967948134928
VID_18177,225.53801206603933
VID_4787,-30.80967948134928
VID_2530,-78.60589662769836
VID_23542,199.38674209596732
VID_6939,-275.3702900838933
VID_19746,717.5736329330517
VID_19366,-30.80967948134928
VID_7090,3131.6606268177775
VID_12786,19879.99716224222
VID_10466,2066.3201873008784
VID_21665,12037.764445696303
VID_4258,777.7040510253707
VID_19098,6883.009511908387
VID_17372,5753.553534765633
VID_19771,-37.80750845035165
VID_1521,1067.9077106488182
VID_19360,-30.80967948134928
VID_10218,376.0332258785775
VID_4273,2957.9140562982966
VID_19121,6761.817357643682
VID_4504,6890.762165930729
VID_7872,-301.3812442775196
VID_8376,-30.80967948134928
VID_13006,-20.530354603883605
VID_9889,5604.038819704832
VID_11601,692.105644632297
VID_12677,-201.66523158360482
VID_3941,-22.12655682508431
VID_14479,-298.622053337145
VID_10233,2811.4157517785657
VID_22319,-20.395752670755293
VID_6651,1117.0429329525484
VID_11533,2451.5222774411254
VID_8788,-214.3592273841035
VID_21046,105.08864774270323
VID_3618,-30.80967948134928
VID_7785,-20.775511725451135
VID_12889,16.749239634376465
VID_15641,-30.80967948134928
VID_10320,-232.2965114064909
VID_3075,-19.790759663251272
VID_10421,-30.80967948134928
VID_21437,339.16019382043993
VID_3389,-181.31175097211363
VID_22527,2305.550843044998
VID_476,-21.196413080692107
VID_6802,3740.8914961421365
VID_6450,28.951162575158417
VID_10408,-149.52566551140504
VID_20323,997.432674728939
VID_19756,418.9765376700478
VID_19544,5779.3445525737825
VID_29,2720.712605097065
VID_15618,7665.373011459817
VID_23702,262.28826857931693
VID_15624,-30.80967948134928
VID_19539,2508.249708043752
VID_9836,6085.005002405527
VID_19666,239.172459292357
VID_6113,8.46214271329573
VID_12918,392.3926386692794
VID_20877,89703.59502381245
VID_15887,868.6020023882795
VID_8281,-30.80967948134928
VID_10546,4509.714572953909
VID_16654,2758.9252438705735
VID_23331,155.53453196168542
VID_13612,3282.3454176106384
VID_14676,699.0896115329833
VID_10086,2804.2596585976494
VID_19352,-30.80967948134928
VID_10072,373.339974159874
VID_10685,6539.928779323841
VID_11811,85.36874773266818
VID_13370,-30.80967948134928
VID_15195,2693.59648826237
VID_8548,10251.6241231936
VID_20518,7087.0718175107395
VID_19090,437.595617434522
VID_6508,1603.8302358141539
VID_20863,138.9537765349145
VID_2418,-18.04443860566316
VID_17359,631.2981252158086
VID_17189,2392.849804713385
VID_20993,389.44312802483984
VID_4455,-30.80967948134928
VID_6916,6.847866727811976
VID_6176,-20.24767821390384
VID_22038,116.28407852500304
VID_21913,958.9156396278142
VID_17024,7060.810407921817
VID_14160,2296.55303834533
VID_19848,58.091328248269015
VID_22308,-90.95007155078412
VID_15318,-204.5236762142965
VID_15886,7475.3742712585135
VID_15011,1222.7045221510568
VID_8404,-30.80967948134928
VID_16132,75.69710383334022
VID_9328,172.0275794339199
VID_22524,-30.80967948134928
VID_3491,-27.07209534793855
VID_22120,1795.5248894022939
VID_14351,8543.752626901383
VID_19686,1135.8574533399487
VID_14035,-30.80967948134928
VID_6583,2269.8299501673764
VID_12274,1686.7361264915332
VID_12301,9759.5812668232
VID_13408,7500.23360389512
VID_21313,-4.524877063133964
VID_2367,-288.55685936096336
VID_14861,-30.80967948134928
VID_9910,1467.406910767472
VID_11639,9254.298382370273
VID_19814,-30.80967948134928
VID_7534,-340.6483022259915
VID_22291,32.63288246131136
VID_3744,6691.652538721353
VID_7588,1767.6909282139416
VID_12490,188.87093243031137
VID_11462,6258.853140689337
VID_7763,-21.901510130119313
VID_2775,-253.1401498810077
VID_16924,1064.2628995402292
VID_5175,4968.111417333669
VID_18363,3644.283360441763
VID_698,3033.5856852072097
VID_17321,-30.80967948134928
VID_4651,-332.81365654575524
VID_9566,-377.40990111073467
VID_14177,5605.449796002818
VID_12566,222.12023544700722
VID_12354,675.9615208334831
VID_6053,1492.4760800782121
VID_23233,-228.00698845066404
VID_21906,136.91161148601057
VID_1884,58.02799114683969
VID_3635,-45.25147999324073
VID_17160,3338.577844811358
VID_10798,8769.027123129106
VID_1730,1448.380675884543
VID_16601,528.854160247454
VID_11310,1246.5523511271133
VID_17445,142.93815257217128
VID_8479,-13.176800129669992
VID_13055,-30.80967948134928
VID_18835,1932.2335217658235
VID_13783,859.5165624315671
VID_11737,-30.80967948134928
VID_48,3646.048538405345
VID_16453,296.21964076657133
VID_18302,4802.0338177369595
VID_4140,-20.336787970759687
VID_2001,410.06577322272693
VID_15636,-127.15891143588625
VID_14764,-30.80967948134928
VID_11110,1315.9000802457542
VID_13381,-30.80967948134928
VID_8468,3701.004074235193
VID_11128,289.4701249712835
VID_3666,-380.6938202002563
VID_18029,586.5768095030949
VID_15330,2301.7989658599668
VID_3431,-254.040582660456
VID_17766,-235.20472390896722
VID_22846,925.135574269437
VID_16463,-41.42644579940748
VID_21316,-30.80967948134928
VID_13310,397.8682496318918
VID_8202,-30.80967948134928
VID_11210,-125.59168182206936
VID_14630,380.20789858550273
VID_22366,82.88324365750798
VID_2253,61.15169867604938
VID_4197,-30.80967948134928
VID_21955,70.59412914049805
VID_5113,5159.3096430168325
VID_5524,203.44384428780458
VID_6349,-260.60360194664173
VID_21057,2139.4591557951767
VID_17348,2863.150289983262
VID_5794,758.6324436486118
VID_11215,-23.44230646281609
VID_2355,-64.52493654496297
VID_21793,-135.24747851642604
VID_6388,-30.80967948134928
VID_1393,196.00523591099014
VID_17997,5542.973533850297
VID_22688,14.765518302783484
VID_4511,6060.2104120233735
VID_18605,1191.50391888542
VID_2699,-27.73554041027156
VID_21101,6982.789528978181
VID_19946,-30.80967948134928
VID_23078,10392.06351676868
VID_2610,328.73229078282594
VID_1859,9225.028842167449
VID_3438,-30.80967948134928
VID_17493,105.30998204330295
VID_18444,1210.7195367335514
VID_23656,8079.864936472615
VID_1534,976.6566772733656
VID_19611,-3.414330549761153
VID_1915,-22.224032997543862
VID_350,1525.1243724223225
VID_7003,-30.80967948134928
VID_21006,1111.8969181008895
VID_11266,3264.8518573389806
VID_9475,12683.608369409198
VID_11371,1777.5370783881715
VID_17526,7377.989062315637
VID_16317,2194.11469185168
VID_1288,2389.4729147362305
VID_6290,274.4885921739473
VID_11810,70.755454946803
VID_10363,604.147970515978
VID_19805,249.28463239224382
VID_23149,7700.96082053395
VID_20139,2639.8519658169703
VID_12653,1241.7520035330683
VID_23504,-208.58504179263534
VID_7720,12564.9124768712
VID_19871,-30.80967948134928
VID_3364,604.0841920810076
VID_21471,670.3478866999916
VID_18057,112.28979637513115
VID_8029,-20.304340954376347
VID_23746,-18.169208926896328
VID_1318,3118.0853624437455
VID_1237,971.1391999733797
VID_12081,-263.4785140068699
VID_9786,1367.0906825294767
VID_16920,-30.80967948134928
VID_6533,56.95351424285777
VID_6137,-30.80967948134928
VID_16261,556.1577201547009
VID_15307,6347.752395144301
VID_4312,1636.4716978699173
VID_3133,-373.12734393843954
VID_19877,73.8067885182539
VID_9875,1228.6255787286727
VID_14567,2333.9926833815075
VID_6408,-22.998778002124585
VID_9941,2592.23685334801
VID_8735,9129.880606272538
VID_14373,590.2211861550752
VID_1206,2616.9399016554657
VID_13749,5027.438565357593
VID_1832,-20.075404722665116
VID_18021,341.8881444132589
VID_11418,940.0191257076316
VID_9425,1043.4219483793897
VID_4547,8942.159303545166
VID_14830,4056.0815229702457
VID_14790,1787.6706147653988
VID_8135,-340.8459020117065
VID_14495,532.675403359191
VID_20656,49.65096041929909
VID_12536,-198.10059510018866
VID_3827,-30.80967948134928
VID_16216,-30.80967948134928
VID_19271,-30.80967948134928
VID_14561,-30.80967948134928
VID_8007,3558.981750279614
VID_7146,7969.563774685997
VID_10217,7068.273671086781
VID_829,-20.238126997179673
VID_15473,-30.80967948134928
VID_11235,10263.990542994869
VID_7980,1576.1593883571782
VID_17478,4932.405623568634
VID_15769,-20.907213677775157
VID_10817,2376.407364368073
VID_18668,1568.515440490951
VID_14181,-66.30557529211877
VID_5463,598.8956883357359
VID_14925,-30.80967948134928
VID_6009,0.30405192539839065
VID_1866,468.6534420109323
VID_2884,4566.527039550365
VID_14846,-19.681806364541625
VID_21587,-30.80967948134928
VID_2516,2703.280767626725
VID_16816,-148.84358033963426
VID_3317,-30.80967948134928
VID_7158,4381.906811444023
VID_20684,132.40289948743944
VID_20778,4711.130600345976
VID_16845,-30.80967948134928
VID_15126,4726.795480524287
VID_375,1979.6818604491677
VID_15560,358.0676961018692
VID_7149,572.7599951115118
VID_13632,11361.91968756868
VID_11069,-20.242806991408113
VID_22745,7211.216636371873
VID_22478,-30.80967948134928
VID_1479,8993.547844029543
VID_17569,-30.80967948134928
VID_13769,233.81031165675753
VID_8916,1057.2433491663066
VID_23544,1772.7625945926475
VID_3163,-19.67978983700158
VID_9516,2005.1664199549411
VID_12250,2698.5286390098972
VID_3682,2668.211671077787
VID_17864,74.23253199993114
VID_13035,-172.7977994610604
VID_9236,1182.7625814155156
VID_12820,684.2566424171721
VID_6561,2405.871223996535
VID_23555,-30.80967948134928
VID_4767,2390.2370010296554
VID_3419,-30.80967948134928
VID_6766,129.04888100756736
VID_21078,3690.574801940785
VID_4021,12926.597419802027
VID_3228,-279.6836603463551
VID_21247,56.037599764406025
VID_10223,357.4894019916854
VID_21180,-30.80967948134928
VID_22032,488.6273106735353
VID_21329,-139.88006598574967
VID_8011,-235.24536867458954
VID_22770,-133.00496478946295
VID_15059,2607.7008749001966
VID_19257,-30.80967948134928
VID_185,217.54552030998934
VID_16802,-347.2146616931954
VID_17286,9173.792829823193
VID_2703,2101.1367745450175
VID_13671,13523.857702875437
VID_15125,95.30510175211586
VID_10389,-80.85971038725539
VID_22094,-102.79253655610107
VID_9569,2001.630333329646
VID_22338,82.34622548048439
VID_19116,365.3821750581406
VID_6127,-30.80967948134928
VID_21196,306.1167841553168
VID_17866,-20.28703927087213
VID_9645,4947.059919606731
VID_20530,7796.483281482291
VID_13015,13521.994375727918
VID_13441,5003.792018796068
VID_17355,9380.421806606782
VID_11003,4851.055267532485
VID_17352,1848.0863986355582
VID_6990,-30.80967948134928
VID_16152,681.1484303125224
VID_12898,92.54975368105441
VID_10309,-30.80967948134928
VID_15334,1387.0651324828002
VID_8787,4757.323753611947
VID_13369,9715.11289314978
VID_13890,4177.19809733982
VID_16104,-30.80967948134928
VID_14844,-23.090164947419584
VID_11280,-20.912352676536923
VID_13290,5316.449926263398
VID_7508,-21.227610811252223
VID_15814,-30.80967948134928
VID_23261,47.73860675729414
VID_12177,3503.167262045424
VID_16219,-30.80967948134928
VID_20029,816.8199513591549
VID_18308,1954.471546394971
VID_6616,622.0282318429354
VID_7179,4710.269526564232
VID_6229,-11.069592107890724
VID_19741,322.7796959370351
VID_5039,1060.722035419369
VID_7367,946.2202699880361
VID_13183,1324.879432141848
VID_1833,70.10356802741457
VID_4245,1575.2212156079254
VID_21702,4990.413230740599
VID_4192,-30.80967948134928
VID_17959,281.8782099559713
VID_5387,8353.453007030948
VID_9648,-177.38078342276046
VID_17540,1550.2394674051288
VID_7064,-30.80967948134928
VID_1044,4921.802331939811
VID_16251,2680.9717550980236
VID_2860,1749.8211195741494
VID_1119,514.1458251091605
VID_18939,401.3028397195979
VID_21036,-23.750550618135897
VID_10672,3790.452169136789
VID_10391,-30.80967948134928
VID_17485,7924.428075117887
VID_9306,890.5438330510527
VID_819,45.824998344664884
VID_19915,-39.18987410476924
VID_9189,1583.8634618808708
VID_13475,3014.0760067253464
VID_3698,1710.8924521395352
VID_11842,2309.860608076355
VID_2057,-20.778180050539817
VID_10444,-26.417106368703887
VID_12534,-21.147386053502924
VID_14143,1888.1079218471282
VID_5637,-30.80967948134928
VID_8689,-21.221853533006765
VID_10135,-30.80967948134928
VID_1726,838.9354911430642
VID_14122,-50.707008585609024
VID_14080,-30.80967948134928
VID_20129,45.83631697950003
VID_19564,3463.534673400328
VID_7206,8437.206268487329
VID_2488,2079.965672183236
VID_12342,1256.2782295752343
VID_849,593.5976461994186
VID_11976,6815.96175349939
VID_9936,1688.1629335743535
VID_6119,-30.80967948134928
VID_23735,1048.4198008150631
VID_6900,1034.7401588576115
VID_8143,-30.80967948134928
VID_23689,5974.8981224995505
VID_10727,3450.788052966585
VID_13319,166.60878237048917
VID_11538,566.6912270676385
VID_23606,87.62255318420323
VID_16780,629.7584475925844
VID_16704,1534.3313812793679
VID_17689,-250.87429456553096
VID_13997,-30.80967948134928
VID_23252,1614.2523554135757
VID_2316,-25.639664939632443
VID_7160,2471.2467692275263
VID_20175,69.77858253375125
VID_23646,357.443058835406
VID_6348,-30.80967948134928
VID_2251,292.184838676245
VID_12654,237.30446881347544
VID_22706,-121.07366358808532
VID_14796,853.3437486538877
VID_51,2857.191313760501
VID_973,3053.6181979011512
VID_16241,-39.80920059770549
VID_12269,-0.5958149465622617
VID_19867,-30.80967948134928
VID_3289,-30.80967948134928
VID_18656,1050.222932117322
VID_7118,995.6457988043958
VID_23420,117.11507211657195
VID_16163,1689.5037018351004
VID_15300,1305.2327179696333
VID_18321,3622.27709992279
VID_19595,5246.318397508616
VID_17240,253.70345124101075
VID_7385,2149.5228077101597
VID_18598,7364.144320302927
VID_10879,11890.594679869186
VID_14115,4226.754249539518
VID_21427,-32.29592502563362
VID_3758,1029.6805369098413
VID_3321,-30.80967948134928
VID_6045,1205.6346671634424
VID_20661,-0.11329439942994624
VID_8711,-276.6698926712088
VID_18750,1698.3083523245202
VID_2458,-21.584145985413887
VID_5620,-30.209098351842123
VID_6824,1792.0576143501264
VID_22940,6094.389414081968
VID_6425,-30.80967948134928
VID_17903,2404.5964144051754
VID_14416,-97.08693694312187
VID_2265,80.4232989030119
VID_16740,1827.567222636696
VID_17291,1116.2947208922944
VID_14944,1152.4234147875475
VID_13823,1911.9927011951552
VID_18886,-180.7850651774106
VID_12117,-96.51300009386382
VID_9560,7533.62155502588
VID_8351,3083.6153663941927
VID_10423,160.10400929711685
VID_1428,9142.434304785991
VID_9201,3559.59708419318
VID_20259,140.99835502919302
VID_6723,-20.854469586769444
VID_14005,-188.81535322635725
VID_2982,503.4521754364552
VID_16262,1441.644312614658
VID_23535,-88.3273016314135
VID_1170,1615.285621955223
VID_3334,3602.1356985025245
VID_240,-20.045216458410177
VID_11826,5607.54828086067
VID_21086,1417.4044985440269
VID_19131,-30.80967948134928
VID_4413,-30.80967948134928
VID_18430,4924.767724467794
VID_3705,-178.2831788413623
VID_1788,11614.53209581264
VID_12413,6218.858974595403
VID_18749,3763.452478274788
VID_16182,-30.80967948134928
VID_1103,1348.673760239037
VID_21448,684.5802595892835
VID_1015,866.4709301944923
VID_16883,-20.93071420629665
VID_7406,-20.27997349626882
VID_22175,-38.24404911196521
VID_205,4.660470639404295
VID_3848,3052.1139460610098
VID_16058,-30.80967948134928
VID_3370,-30.80967948134928
VID_2145,1355.5570322663932
VID_6743,138.81362489238083
VID_5430,-62.16360864918261
VID_18043,337.63352487728986
VID_6515,721.5722176762077
VID_18544,1689.0656554122475
VID_21075,10397.298655139772
VID_10220,12453.591085841248
VID_17715,459.0052428355082
VID_125,2311.39247065892
VID_19772,-36.439092452160615
VID_20878,610.7900840070618
VID_11965,238.69693220452044
VID_23718,1313.5339993408654
VID_15547,742.826608961787
VID_18641,5764.699461874527
VID_20070,-9.648670004916958
VID_12694,1300.826751098059
VID_19989,-30.80967948134928
VID_5880,104.38159938517224
VID_18755,3315.2202687812282
VID_10949,1266.2688010507948
VID_1905,9302.096848511112
VID_299,4523.818553198994
VID_10501,1090.0930724167747
VID_11485,1454.7001992228875
VID_130,1270.2912060312744
VID_10001,2794.3781803108723
VID_1636,648.8213549521763
VID_318,1971.5767051004702
VID_2602,3172.1688679869067
VID_2931,840.8616936275691
VID_5852,863.9488042955159
VID_8176,-30.80967948134928
VID_6542,2072.2017407109856
VID_17319,-20.387254204511144
VID_20087,2897.0321050802436
VID_507,260.33176396111645
VID_11894,12599.590061908262
VID_19732,1460.4965835676592
VID_5818,133.2617991128714
VID_22864,51.20406458660094
VID_8551,5086.6906681705805
VID_5465,27.215269712904405
VID_20524,414.5829786442467
VID_12829,395.7412763047483
VID_3114,-138.7187177830998
VID_7754,-374.3641478378069
VID_3466,-21.008140556329806
VID_13560,325.9193980912032
VID_12048,17237.348238855324
VID_16210,-30.80967948134928
VID_19455,-30.80967948134928
VID_16049,-30.80967948134928
VID_19659,5707.353060669226
VID_19451,187.55576116213788
VID_14956,6657.026441301046
VID_13957,-366.1104078854767
VID_12402,1250.0884703483935
VID_18369,2438.275256075057
VID_7985,1171.8593835271415
VID_16796,-20.932485912297413
VID_2746,-30.80967948134928
VID_10415,-30.80967948134928
VID_16194,-30.80967948134928
VID_23129,5417.267854777168
VID_516,-26.43646502254459
VID_17525,1135.7763692700626
VID_17972,-30.80967948134928
VID_7927,42.105953986119374
VID_2944,-21.147017732497208
VID_8195,-30.80967948134928
VID_18973,435.52157789785775
VID_5849,2342.2502779291626
VID_8494,10027.141889090628
